MM:DD:YYYY hh:mm:ss,Library_Version,Session_type,Device_Number,Battery_Voltage,Motor_Turns,FR,Event,Active_Poke,Left_Poke_Count,Right_Poke_Count,Pellet_Count,Block_Pellet_Count,Retrieval_Time,InterPelletInterval,Poke_Time
5/4/2023 18:00:10,1.16.3,PRexp,2,4.16,nan,13,Left,Left,65,1,13,12,nan,nan,0.03
5/4/2023 18:00:11,1.16.3,PRexp,2,4.16,nan,13,Left,Left,66,1,13,12,nan,nan,0.12
5/4/2023 18:00:13,1.16.3,PRexp,2,4.16,nan,13,Left,Left,67,1,13,12,nan,nan,1.26
5/4/2023 18:00:15,1.16.3,PRexp,2,4.16,nan,13,Left,Left,68,1,13,12,nan,nan,0.16
5/4/2023 18:00:16,1.16.3,PRexp,2,4.17,nan,13,Left,Left,69,1,13,12,nan,nan,0.55
5/4/2023 18:00:19,1.16.3,PRexp,2,4.16,nan,13,Left,Left,70,1,13,12,nan,nan,1.23
5/4/2023 18:00:21,1.16.3,PRexp,2,4.16,nan,13,Left,Left,71,1,13,12,nan,nan,0.00
5/4/2023 18:00:23,1.16.3,PRexp,2,4.16,nan,13,Left,Left,72,1,13,12,nan,nan,0.15
5/4/2023 18:00:24,1.16.3,PRexp,2,4.16,nan,13,Left,Left,73,1,13,12,nan,nan,0.02
5/4/2023 18:00:36,1.16.3,PRexp,2,4.16,nan,13,Left,Left,74,1,13,12,nan,nan,0.24
5/4/2023 18:00:39,1.16.3,PRexp,2,4.16,nan,13,Left,Left,75,1,13,12,nan,nan,0.07
5/4/2023 18:00:42,1.16.3,PRexp,2,4.16,nan,13,Left,Left,76,1,13,12,nan,nan,0.53
5/4/2023 18:18:11,1.16.3,PRexp,2,4.17,nan,13,Left,Left,77,1,13,12,nan,nan,0.01
5/4/2023 18:18:13,1.16.3,PRexp,2,4.16,1,13,Pellet,Left,77,1,14,13,1.02,1110,nan
5/4/2023 18:18:36,1.16.3,PRexp,2,4.16,nan,15,Left,Left,78,1,14,13,nan,nan,0.52
5/4/2023 18:18:37,1.16.3,PRexp,2,4.16,nan,15,Left,Left,79,1,14,13,nan,nan,0.00
5/4/2023 18:18:38,1.16.3,PRexp,2,4.16,nan,15,Left,Left,80,1,14,13,nan,nan,0.00
5/4/2023 18:18:40,1.16.3,PRexp,2,4.16,nan,15,Left,Left,81,1,14,13,nan,nan,0.62
5/4/2023 18:18:43,1.16.3,PRexp,2,4.16,nan,15,Left,Left,82,1,14,13,nan,nan,0.75
5/4/2023 18:18:44,1.16.3,PRexp,2,4.16,nan,15,Left,Left,83,1,14,13,nan,nan,0.60
5/4/2023 18:18:46,1.16.3,PRexp,2,4.17,nan,15,Left,Left,84,1,14,13,nan,nan,0.03
5/4/2023 18:18:48,1.16.3,PRexp,2,4.17,nan,15,Left,Left,85,1,14,13,nan,nan,0.51
5/4/2023 18:18:51,1.16.3,PRexp,2,4.16,nan,15,Left,Left,86,1,14,13,nan,nan,0.02
5/4/2023 18:18:53,1.16.3,PRexp,2,4.16,nan,15,Left,Left,87,1,14,13,nan,nan,0.09
5/4/2023 18:18:54,1.16.3,PRexp,2,4.16,nan,15,Left,Left,88,1,14,13,nan,nan,0.63
5/4/2023 18:18:56,1.16.3,PRexp,2,4.17,nan,15,Left,Left,89,1,14,13,nan,nan,0.58
5/4/2023 18:18:58,1.16.3,PRexp,2,4.16,nan,15,Left,Left,90,1,14,13,nan,nan,0.13
5/4/2023 18:18:59,1.16.3,PRexp,2,4.16,nan,15,Left,Left,91,1,14,13,nan,nan,0.11
5/4/2023 18:19:04,1.16.3,PRexp,2,4.16,nan,15,Left,Left,92,1,14,13,nan,nan,0.10
5/4/2023 18:19:05,1.16.3,PRexp,2,4.16,1,15,Pellet,Left,92,1,15,14,0.20,52,nan
5/4/2023 18:20:04,1.16.3,PRexp,2,4.17,nan,17,Left,Left,93,1,15,14,nan,nan,0.03
5/4/2023 18:20:09,1.16.3,PRexp,2,4.16,nan,17,Left,Left,94,1,15,14,nan,nan,0.04
5/4/2023 18:20:11,1.16.3,PRexp,2,4.16,nan,17,Left,Left,95,1,15,14,nan,nan,0.11
5/4/2023 18:20:13,1.16.3,PRexp,2,4.16,nan,17,Left,Left,96,1,15,14,nan,nan,0.58
5/4/2023 18:20:16,1.16.3,PRexp,2,4.16,nan,17,Left,Left,97,1,15,14,nan,nan,0.11
5/4/2023 18:20:18,1.16.3,PRexp,2,4.16,nan,17,Left,Left,98,1,15,14,nan,nan,0.06
5/4/2023 18:20:21,1.16.3,PRexp,2,4.16,nan,17,Left,Left,99,1,15,14,nan,nan,0.06
5/4/2023 18:41:51,1.16.3,PRexp,2,4.16,nan,17,Left,Left,100,1,15,14,nan,nan,0.05
5/4/2023 18:41:52,1.16.3,PRexp,2,4.16,nan,17,Left,Left,101,1,15,14,nan,nan,0.02
5/4/2023 18:41:55,1.16.3,PRexp,2,4.16,nan,17,Left,Left,102,1,15,14,nan,nan,0.03
5/4/2023 18:41:59,1.16.3,PRexp,2,4.16,nan,17,Left,Left,103,1,15,14,nan,nan,0.07
5/4/2023 18:42:02,1.16.3,PRexp,2,4.16,nan,17,Left,Left,104,1,15,14,nan,nan,0.06
5/4/2023 18:42:05,1.16.3,PRexp,2,4.16,nan,17,Left,Left,105,1,15,14,nan,nan,1.01
5/4/2023 18:42:10,1.16.3,PRexp,2,4.17,nan,17,Left,Left,106,1,15,14,nan,nan,0.07
5/4/2023 19:07:14,1.16.3,PRexp,2,4.16,nan,17,Left,Left,107,1,15,14,nan,nan,0.08
5/4/2023 19:23:50,1.16.3,PRexp,2,4.16,nan,17,Left,Left,108,1,15,14,nan,nan,0.06
5/4/2023 19:23:53,1.16.3,PRexp,2,4.16,nan,17,Left,Left,109,1,15,14,nan,nan,0.02
5/4/2023 19:23:54,1.16.3,PRexp,2,4.16,1,17,Pellet,Left,109,1,16,15,0.81,3889,nan
5/4/2023 19:24:38,1.16.3,PRexp,2,4.16,nan,20,Left,Left,110,1,16,15,nan,nan,0.22
5/4/2023 19:24:40,1.16.3,PRexp,2,4.16,nan,20,Left,Left,111,1,16,15,nan,nan,0.41
5/4/2023 19:24:41,1.16.3,PRexp,2,4.16,nan,20,Left,Left,112,1,16,15,nan,nan,0.07
5/4/2023 19:24:43,1.16.3,PRexp,2,4.16,nan,20,Left,Left,113,1,16,15,nan,nan,0.09
5/4/2023 19:24:44,1.16.3,PRexp,2,4.16,nan,20,Left,Left,114,1,16,15,nan,nan,0.16
5/4/2023 19:24:46,1.16.3,PRexp,2,4.16,nan,20,Left,Left,115,1,16,15,nan,nan,0.16
5/4/2023 19:24:47,1.16.3,PRexp,2,4.16,nan,20,Left,Left,116,1,16,15,nan,nan,0.19
5/4/2023 19:24:50,1.16.3,PRexp,2,4.16,nan,20,Left,Left,117,1,16,15,nan,nan,1.37
5/4/2023 19:24:52,1.16.3,PRexp,2,4.16,nan,20,Left,Left,118,1,16,15,nan,nan,1.75
5/4/2023 19:24:56,1.16.3,PRexp,2,4.16,nan,20,Left,Left,119,1,16,15,nan,nan,1.62
5/4/2023 19:24:58,1.16.3,PRexp,2,4.16,nan,20,Left,Left,120,1,16,15,nan,nan,0.02
5/4/2023 19:25:06,1.16.3,PRexp,2,4.16,nan,20,Left,Left,121,1,16,15,nan,nan,0.08
5/4/2023 19:25:07,1.16.3,PRexp,2,4.16,nan,20,Left,Left,122,1,16,15,nan,nan,0.38
5/4/2023 19:25:09,1.16.3,PRexp,2,4.16,nan,20,Left,Left,123,1,16,15,nan,nan,0.38
5/4/2023 19:25:10,1.16.3,PRexp,2,4.16,nan,20,Left,Left,124,1,16,15,nan,nan,0.06
5/4/2023 19:25:12,1.16.3,PRexp,2,4.16,nan,20,Left,Left,125,1,16,15,nan,nan,0.73
5/4/2023 19:25:15,1.16.3,PRexp,2,4.16,nan,20,Left,Left,126,1,16,15,nan,nan,0.54
5/4/2023 19:25:19,1.16.3,PRexp,2,4.16,nan,20,Left,Left,127,1,16,15,nan,nan,2.72
5/4/2023 19:35:03,1.16.3,PRexp,2,4.16,nan,20,Left,Left,128,1,16,15,nan,nan,0.07
5/4/2023 19:35:08,1.16.3,PRexp,2,4.16,nan,20,Left,Left,129,1,16,15,nan,nan,0.08
5/4/2023 19:35:10,1.16.3,PRexp,2,4.16,1,20,Pellet,Left,129,1,17,16,0.81,676,nan
5/4/2023 19:36:28,1.16.3,PRexp,2,4.16,nan,22,Left,Left,130,1,17,16,nan,nan,0.07
5/4/2023 19:36:31,1.16.3,PRexp,2,4.16,nan,22,Left,Left,131,1,17,16,nan,nan,0.02
5/4/2023 19:36:32,1.16.3,PRexp,2,4.16,nan,22,Left,Left,132,1,17,16,nan,nan,0.06
5/4/2023 19:36:34,1.16.3,PRexp,2,4.16,nan,22,Left,Left,133,1,17,16,nan,nan,1.21
5/4/2023 19:36:35,1.16.3,PRexp,2,4.16,nan,22,Left,Left,134,1,17,16,nan,nan,0.00
5/4/2023 19:36:37,1.16.3,PRexp,2,4.16,nan,22,Left,Left,135,1,17,16,nan,nan,0.43
5/4/2023 19:36:41,1.16.3,PRexp,2,4.16,nan,22,Left,Left,136,1,17,16,nan,nan,0.89
5/4/2023 19:36:43,1.16.3,PRexp,2,4.16,nan,22,Left,Left,137,1,17,16,nan,nan,0.15
5/4/2023 19:36:45,1.16.3,PRexp,2,4.16,nan,22,Left,Left,138,1,17,16,nan,nan,0.88
5/4/2023 19:36:49,1.16.3,PRexp,2,4.16,nan,22,Left,Left,139,1,17,16,nan,nan,0.21
5/4/2023 19:36:53,1.16.3,PRexp,2,4.16,nan,22,Left,Left,140,1,17,16,nan,nan,1.95
5/4/2023 19:36:57,1.16.3,PRexp,2,4.16,nan,22,Left,Left,141,1,17,16,nan,nan,1.64
5/4/2023 19:37:02,1.16.3,PRexp,2,4.16,nan,22,Left,Left,142,1,17,16,nan,nan,1.18
5/4/2023 19:37:03,1.16.3,PRexp,2,4.16,nan,22,Left,Left,143,1,17,16,nan,nan,0.00
5/4/2023 19:37:06,1.16.3,PRexp,2,4.16,nan,22,Left,Left,144,1,17,16,nan,nan,0.03
5/4/2023 19:37:08,1.16.3,PRexp,2,4.16,nan,22,Left,Left,145,1,17,16,nan,nan,0.09
5/4/2023 19:37:14,1.16.3,PRexp,2,4.16,nan,22,Left,Left,146,1,17,16,nan,nan,4.12
5/4/2023 19:37:19,1.16.3,PRexp,2,4.16,nan,22,Left,Left,147,1,17,16,nan,nan,0.03
5/4/2023 19:37:20,1.16.3,PRexp,2,4.16,nan,22,Left,Left,148,1,17,16,nan,nan,0.02
5/4/2023 19:37:23,1.16.3,PRexp,2,4.16,nan,22,Left,Left,149,1,17,16,nan,nan,0.04
5/4/2023 19:37:27,1.16.3,PRexp,2,4.16,nan,22,Left,Left,150,1,17,16,nan,nan,0.09
5/4/2023 19:37:34,1.16.3,PRexp,2,4.16,nan,22,Left,Left,151,1,17,16,nan,nan,2.43
5/4/2023 19:37:35,1.16.3,PRexp,2,4.16,2,22,Pellet,Left,151,1,18,17,0.20,145,nan
5/4/2023 19:38:12,1.16.3,PRexp,2,4.16,nan,25,Left,Left,152,1,18,17,nan,nan,0.04
5/4/2023 19:47:22,1.16.3,PRexp,2,4.16,nan,25,Left,Left,153,1,18,17,nan,nan,0.06
5/4/2023 19:47:28,1.16.3,PRexp,2,4.16,nan,25,Left,Left,154,1,18,17,nan,nan,0.10
5/4/2023 19:47:33,1.16.3,PRexp,2,4.16,nan,25,Left,Left,155,1,18,17,nan,nan,0.04
5/4/2023 19:48:30,1.16.3,PRexp,2,4.16,nan,25,Left,Left,156,1,18,17,nan,nan,0.55
5/4/2023 19:48:32,1.16.3,PRexp,2,4.16,nan,25,Left,Left,157,1,18,17,nan,nan,0.18
5/4/2023 19:48:35,1.16.3,PRexp,2,4.16,nan,25,Left,Left,158,1,18,17,nan,nan,0.08
5/4/2023 19:48:42,1.16.3,PRexp,2,4.16,nan,25,Left,Left,159,1,18,17,nan,nan,0.04
5/4/2023 19:48:44,1.16.3,PRexp,2,4.16,nan,25,Left,Left,160,1,18,17,nan,nan,0.07
5/4/2023 19:55:33,1.16.3,PRexp,2,4.16,nan,25,Left,Left,161,1,18,17,nan,nan,0.02
5/4/2023 19:55:38,1.16.3,PRexp,2,4.16,nan,25,Left,Left,162,1,18,17,nan,nan,0.06
5/4/2023 19:55:39,1.16.3,PRexp,2,4.16,nan,25,Left,Left,163,1,18,17,nan,nan,0.06
5/4/2023 20:01:53,1.16.3,PRexp,2,4.16,nan,25,Left,Left,164,1,18,17,nan,nan,0.69
5/4/2023 20:01:56,1.16.3,PRexp,2,4.16,nan,25,Left,Left,165,1,18,17,nan,nan,0.88
5/4/2023 20:01:58,1.16.3,PRexp,2,4.16,nan,25,Left,Left,166,1,18,17,nan,nan,0.91
5/4/2023 20:02:01,1.16.3,PRexp,2,4.16,nan,25,Left,Left,167,1,18,17,nan,nan,0.07
5/4/2023 20:02:02,1.16.3,PRexp,2,4.16,nan,25,Left,Left,168,1,18,17,nan,nan,0.00
5/4/2023 20:02:03,1.16.3,PRexp,2,4.16,nan,25,Left,Left,169,1,18,17,nan,nan,0.00
5/4/2023 20:02:04,1.16.3,PRexp,2,4.16,nan,25,Left,Left,170,1,18,17,nan,nan,0.09
5/4/2023 20:02:05,1.16.3,PRexp,2,4.16,nan,25,Left,Left,171,1,18,17,nan,nan,0.19
5/4/2023 20:02:07,1.16.3,PRexp,2,4.16,nan,25,Left,Left,172,1,18,17,nan,nan,0.12
5/4/2023 20:02:08,1.16.3,PRexp,2,4.16,nan,25,Left,Left,173,1,18,17,nan,nan,0.59
5/4/2023 20:02:11,1.16.3,PRexp,2,4.16,nan,25,Left,Left,174,1,18,17,nan,nan,1.57
5/4/2023 20:02:13,1.16.3,PRexp,2,4.16,nan,25,Left,Left,175,1,18,17,nan,nan,0.07
5/4/2023 20:02:15,1.16.3,PRexp,2,4.16,nan,25,Left,Left,176,1,18,17,nan,nan,0.07
5/4/2023 20:02:18,1.16.3,PRexp,2,4.16,2,25,Pellet,Left,176,1,19,18,0.34,1483,nan
5/4/2023 20:03:18,1.16.3,PRexp,2,4.16,nan,28,Left,Left,177,1,19,18,nan,nan,0.14
5/4/2023 20:03:19,1.16.3,PRexp,2,4.16,nan,28,Left,Left,178,1,19,18,nan,nan,0.14
5/4/2023 20:03:20,1.16.3,PRexp,2,4.16,nan,28,Left,Left,179,1,19,18,nan,nan,0.12
5/4/2023 20:03:22,1.16.3,PRexp,2,4.16,nan,28,Left,Left,180,1,19,18,nan,nan,0.54
5/4/2023 20:03:22,1.16.3,PRexp,2,4.16,nan,28,Left,Left,181,1,19,18,nan,nan,0.02
5/4/2023 20:03:25,1.16.3,PRexp,2,4.16,nan,28,Left,Left,182,1,19,18,nan,nan,0.64
5/4/2023 20:03:26,1.16.3,PRexp,2,4.16,nan,28,Left,Left,183,1,19,18,nan,nan,0.53
5/4/2023 20:03:27,1.16.3,PRexp,2,4.16,nan,28,Left,Left,184,1,19,18,nan,nan,0.32
5/4/2023 20:03:29,1.16.3,PRexp,2,4.16,nan,28,Left,Left,185,1,19,18,nan,nan,0.00
5/4/2023 20:03:32,1.16.3,PRexp,2,4.16,nan,28,Left,Left,186,1,19,18,nan,nan,0.14
5/4/2023 20:03:34,1.16.3,PRexp,2,4.16,nan,28,Left,Left,187,1,19,18,nan,nan,0.00
5/4/2023 20:03:35,1.16.3,PRexp,2,4.16,nan,28,Left,Left,188,1,19,18,nan,nan,0.24
5/4/2023 20:03:37,1.16.3,PRexp,2,4.16,nan,28,Left,Left,189,1,19,18,nan,nan,0.50
5/4/2023 20:03:38,1.16.3,PRexp,2,4.16,nan,28,Left,Left,190,1,19,18,nan,nan,0.09
5/4/2023 20:03:39,1.16.3,PRexp,2,4.16,nan,28,Left,Left,191,1,19,18,nan,nan,0.11
5/4/2023 20:03:40,1.16.3,PRexp,2,4.16,nan,28,Left,Left,192,1,19,18,nan,nan,0.04
5/4/2023 20:03:42,1.16.3,PRexp,2,4.16,nan,28,Left,Left,193,1,19,18,nan,nan,0.00
5/4/2023 20:14:38,1.16.3,PRexp,2,4.16,nan,28,Left,Left,194,1,19,18,nan,nan,0.09
5/4/2023 20:14:39,1.16.3,PRexp,2,4.16,nan,28,Left,Left,195,1,19,18,nan,nan,0.67
5/4/2023 20:14:46,1.16.3,PRexp,2,4.16,nan,28,Left,Left,196,1,19,18,nan,nan,0.00
5/4/2023 20:14:59,1.16.3,PRexp,2,4.16,nan,28,Left,Left,197,1,19,18,nan,nan,0.01
5/4/2023 20:15:01,1.16.3,PRexp,2,4.16,nan,28,Left,Left,198,1,19,18,nan,nan,0.04
5/4/2023 20:15:02,1.16.3,PRexp,2,4.16,nan,28,Left,Left,199,1,19,18,nan,nan,0.08
5/4/2023 20:15:05,1.16.3,PRexp,2,4.16,nan,28,Left,Left,200,1,19,18,nan,nan,1.03
5/4/2023 20:15:06,1.16.3,PRexp,2,4.16,nan,28,Left,Left,201,1,19,18,nan,nan,0.03
5/4/2023 20:15:07,1.16.3,PRexp,2,4.16,nan,28,Left,Left,202,1,19,18,nan,nan,0.00
5/4/2023 20:15:09,1.16.3,PRexp,2,4.16,nan,28,Left,Left,203,1,19,18,nan,nan,0.83
5/4/2023 20:15:10,1.16.3,PRexp,2,4.16,nan,28,Left,Left,204,1,19,18,nan,nan,0.39
5/4/2023 20:15:10,1.16.3,PRexp,2,4.16,nan,28,LeftDuringDispense,Left,205,1,19,19,nan,nan,0.03
5/4/2023 20:15:25,1.16.3,PRexp,2,4.16,2,28,Pellet,Left,205,1,20,19,12.17,787,nan
5/4/2023 20:16:10,1.16.3,PRexp,2,4.16,nan,32,Left,Left,206,1,20,19,nan,nan,0.05
5/4/2023 20:16:11,1.16.3,PRexp,2,4.16,nan,32,Left,Left,207,1,20,19,nan,nan,0.05
5/4/2023 20:16:12,1.16.3,PRexp,2,4.16,nan,32,Left,Left,208,1,20,19,nan,nan,0.33
5/4/2023 20:16:14,1.16.3,PRexp,2,4.16,nan,32,Left,Left,209,1,20,19,nan,nan,0.02
5/4/2023 20:16:15,1.16.3,PRexp,2,4.16,nan,32,Left,Left,210,1,20,19,nan,nan,0.06
5/4/2023 20:16:17,1.16.3,PRexp,2,4.16,nan,32,Left,Left,211,1,20,19,nan,nan,0.06
5/4/2023 20:16:18,1.16.3,PRexp,2,4.16,nan,32,Left,Left,212,1,20,19,nan,nan,0.12
5/4/2023 20:16:20,1.16.3,PRexp,2,4.16,nan,32,Left,Left,213,1,20,19,nan,nan,0.92
5/4/2023 20:16:22,1.16.3,PRexp,2,4.16,nan,32,Left,Left,214,1,20,19,nan,nan,0.76
5/4/2023 20:16:26,1.16.3,PRexp,2,4.16,nan,32,Left,Left,215,1,20,19,nan,nan,0.03
5/4/2023 20:16:27,1.16.3,PRexp,2,4.16,nan,32,Left,Left,216,1,20,19,nan,nan,0.46
5/4/2023 20:16:34,1.16.3,PRexp,2,4.16,nan,32,Left,Left,217,1,20,19,nan,nan,0.00
5/4/2023 20:16:37,1.16.3,PRexp,2,4.16,nan,32,Left,Left,218,1,20,19,nan,nan,0.09
5/4/2023 20:16:38,1.16.3,PRexp,2,4.16,nan,32,Left,Left,219,1,20,19,nan,nan,0.12
5/4/2023 20:16:41,1.16.3,PRexp,2,4.16,nan,32,Left,Left,220,1,20,19,nan,nan,0.04
5/4/2023 20:16:42,1.16.3,PRexp,2,4.16,nan,32,Left,Left,221,1,20,19,nan,nan,0.32
5/4/2023 20:16:47,1.16.3,PRexp,2,4.16,nan,32,Left,Left,222,1,20,19,nan,nan,0.07
5/4/2023 20:16:49,1.16.3,PRexp,2,4.16,nan,32,Left,Left,223,1,20,19,nan,nan,0.14
5/4/2023 20:16:54,1.16.3,PRexp,2,4.16,nan,32,Left,Left,224,1,20,19,nan,nan,3.55
5/4/2023 20:16:57,1.16.3,PRexp,2,4.16,nan,32,Left,Left,225,1,20,19,nan,nan,0.87
5/4/2023 20:17:00,1.16.3,PRexp,2,4.16,nan,32,Left,Left,226,1,20,19,nan,nan,0.15
5/4/2023 20:17:03,1.16.3,PRexp,2,4.16,nan,32,Left,Left,227,1,20,19,nan,nan,0.63
5/4/2023 20:17:04,1.16.3,PRexp,2,4.16,nan,32,Left,Left,228,1,20,19,nan,nan,0.00
5/4/2023 20:17:06,1.16.3,PRexp,2,4.16,nan,32,Left,Left,229,1,20,19,nan,nan,0.45
5/4/2023 20:17:09,1.16.3,PRexp,2,4.16,nan,32,Left,Left,230,1,20,19,nan,nan,0.20
5/4/2023 20:17:11,1.16.3,PRexp,2,4.16,nan,32,Left,Left,231,1,20,19,nan,nan,0.16
5/4/2023 20:17:14,1.16.3,PRexp,2,4.16,nan,32,Left,Left,232,1,20,19,nan,nan,0.00
5/4/2023 20:17:19,1.16.3,PRexp,2,4.16,nan,32,Left,Left,233,1,20,19,nan,nan,1.30
5/4/2023 20:17:22,1.16.3,PRexp,2,4.16,nan,32,Left,Left,234,1,20,19,nan,nan,1.05
5/4/2023 20:17:24,1.16.3,PRexp,2,4.16,nan,32,Left,Left,235,1,20,19,nan,nan,0.10
5/4/2023 20:17:25,1.16.3,PRexp,2,4.16,nan,32,Left,Left,236,1,20,19,nan,nan,0.00
5/4/2023 20:17:30,1.16.3,PRexp,2,4.16,nan,32,Left,Left,237,1,20,19,nan,nan,3.79
5/4/2023 20:17:31,1.16.3,PRexp,2,4.16,1,32,Pellet,Left,237,1,21,20,0.34,126,nan
5/4/2023 20:18:49,1.16.3,PRexp,2,4.16,nan,36,Right,Left,237,2,21,20,nan,nan,0.21
5/4/2023 20:18:51,1.16.3,PRexp,2,4.16,nan,36,Left,Left,238,2,21,20,nan,nan,0.10
5/4/2023 20:18:52,1.16.3,PRexp,2,4.16,nan,36,Left,Left,239,2,21,20,nan,nan,0.14
5/4/2023 20:18:53,1.16.3,PRexp,2,4.16,nan,36,Left,Left,240,2,21,20,nan,nan,0.24
5/4/2023 20:18:55,1.16.3,PRexp,2,4.16,nan,36,Left,Left,241,2,21,20,nan,nan,0.49
5/4/2023 20:18:58,1.16.3,PRexp,2,4.16,nan,36,Left,Left,242,2,21,20,nan,nan,0.48
5/4/2023 20:19:02,1.16.3,PRexp,2,4.16,nan,36,Left,Left,243,2,21,20,nan,nan,0.10
5/4/2023 20:19:04,1.16.3,PRexp,2,4.16,nan,36,Left,Left,244,2,21,20,nan,nan,0.37
5/4/2023 20:19:06,1.16.3,PRexp,2,4.16,nan,36,Left,Left,245,2,21,20,nan,nan,0.35
5/4/2023 20:19:08,1.16.3,PRexp,2,4.16,nan,36,Left,Left,246,2,21,20,nan,nan,0.50
5/4/2023 20:19:10,1.16.3,PRexp,2,4.16,nan,36,Left,Left,247,2,21,20,nan,nan,0.64
5/4/2023 20:19:12,1.16.3,PRexp,2,4.16,nan,36,Left,Left,248,2,21,20,nan,nan,0.54
5/4/2023 20:19:15,1.16.3,PRexp,2,4.16,nan,36,Left,Left,249,2,21,20,nan,nan,0.99
5/4/2023 20:19:17,1.16.3,PRexp,2,4.16,nan,36,Left,Left,250,2,21,20,nan,nan,0.73
5/4/2023 20:19:20,1.16.3,PRexp,2,4.16,nan,36,Left,Left,251,2,21,20,nan,nan,0.64
5/4/2023 20:19:21,1.16.3,PRexp,2,4.16,nan,36,Left,Left,252,2,21,20,nan,nan,0.37
5/4/2023 20:19:24,1.16.3,PRexp,2,4.16,nan,36,Left,Left,253,2,21,20,nan,nan,1.24
5/4/2023 20:19:26,1.16.3,PRexp,2,4.16,nan,36,Left,Left,254,2,21,20,nan,nan,0.38
5/4/2023 20:19:27,1.16.3,PRexp,2,4.16,nan,36,Left,Left,255,2,21,20,nan,nan,0.03
5/4/2023 20:19:31,1.16.3,PRexp,2,4.16,nan,36,Left,Left,256,2,21,20,nan,nan,0.67
5/4/2023 20:19:34,1.16.3,PRexp,2,4.16,nan,36,Left,Left,257,2,21,20,nan,nan,0.76
5/4/2023 20:19:36,1.16.3,PRexp,2,4.16,nan,36,Left,Left,258,2,21,20,nan,nan,0.69
5/4/2023 20:19:39,1.16.3,PRexp,2,4.16,nan,36,Left,Left,259,2,21,20,nan,nan,0.90
5/4/2023 20:19:41,1.16.3,PRexp,2,4.16,nan,36,Left,Left,260,2,21,20,nan,nan,0.34
5/4/2023 20:19:43,1.16.3,PRexp,2,4.16,nan,36,Left,Left,261,2,21,20,nan,nan,0.67
5/4/2023 20:19:48,1.16.3,PRexp,2,4.16,nan,36,Left,Left,262,2,21,20,nan,nan,2.11
5/4/2023 20:19:50,1.16.3,PRexp,2,4.16,nan,36,Left,Left,263,2,21,20,nan,nan,0.66
5/4/2023 20:19:54,1.16.3,PRexp,2,4.16,nan,36,Left,Left,264,2,21,20,nan,nan,0.14
5/4/2023 20:19:57,1.16.3,PRexp,2,4.16,nan,36,Left,Left,265,2,21,20,nan,nan,0.57
5/4/2023 20:20:01,1.16.3,PRexp,2,4.16,nan,36,Left,Left,266,2,21,20,nan,nan,0.34
5/4/2023 20:20:03,1.16.3,PRexp,2,4.16,nan,36,Left,Left,267,2,21,20,nan,nan,0.47
5/4/2023 20:20:06,1.16.3,PRexp,2,4.16,nan,36,Left,Left,268,2,21,20,nan,nan,0.86
5/4/2023 20:20:08,1.16.3,PRexp,2,4.16,nan,36,Left,Left,269,2,21,20,nan,nan,0.69
5/4/2023 20:20:10,1.16.3,PRexp,2,4.16,nan,36,Left,Left,270,2,21,20,nan,nan,0.39
5/4/2023 20:20:14,1.16.3,PRexp,2,4.16,nan,36,Left,Left,271,2,21,20,nan,nan,1.50
5/4/2023 20:20:18,1.16.3,PRexp,2,4.16,nan,36,Left,Left,272,2,21,20,nan,nan,0.17
5/4/2023 20:20:20,1.16.3,PRexp,2,4.16,nan,36,Left,Left,273,2,21,20,nan,nan,1.02
5/4/2023 20:20:21,1.16.3,PRexp,2,4.16,1,36,Pellet,Left,273,2,22,21,0.34,170,nan
5/4/2023 20:20:46,1.16.3,PRexp,2,4.16,nan,40,Left,Left,274,2,22,21,nan,nan,0.22
5/4/2023 20:20:48,1.16.3,PRexp,2,4.16,nan,40,Left,Left,275,2,22,21,nan,nan,0.14
5/4/2023 20:20:49,1.16.3,PRexp,2,4.16,nan,40,Left,Left,276,2,22,21,nan,nan,0.51
5/4/2023 20:20:51,1.16.3,PRexp,2,4.16,nan,40,Left,Left,277,2,22,21,nan,nan,0.45
5/4/2023 20:20:53,1.16.3,PRexp,2,4.16,nan,40,Left,Left,278,2,22,21,nan,nan,0.26
5/4/2023 20:20:54,1.16.3,PRexp,2,4.16,nan,40,Left,Left,279,2,22,21,nan,nan,0.24
5/4/2023 20:20:56,1.16.3,PRexp,2,4.16,nan,40,Left,Left,280,2,22,21,nan,nan,0.40
5/4/2023 20:20:57,1.16.3,PRexp,2,4.16,nan,40,Left,Left,281,2,22,21,nan,nan,0.26
5/4/2023 20:21:00,1.16.3,PRexp,2,4.16,nan,40,Left,Left,282,2,22,21,nan,nan,0.58
5/4/2023 20:21:03,1.16.3,PRexp,2,4.16,nan,40,Left,Left,283,2,22,21,nan,nan,0.23
5/4/2023 20:21:05,1.16.3,PRexp,2,4.16,nan,40,Left,Left,284,2,22,21,nan,nan,0.23
5/4/2023 20:21:07,1.16.3,PRexp,2,4.16,nan,40,Left,Left,285,2,22,21,nan,nan,0.30
5/4/2023 20:21:08,1.16.3,PRexp,2,4.16,nan,40,Left,Left,286,2,22,21,nan,nan,0.37
5/4/2023 20:21:10,1.16.3,PRexp,2,4.16,nan,40,Left,Left,287,2,22,21,nan,nan,0.69
5/4/2023 20:21:12,1.16.3,PRexp,2,4.16,nan,40,Left,Left,288,2,22,21,nan,nan,0.52
5/4/2023 20:21:14,1.16.3,PRexp,2,4.16,nan,40,Left,Left,289,2,22,21,nan,nan,0.38
5/4/2023 20:21:18,1.16.3,PRexp,2,4.16,nan,40,Left,Left,290,2,22,21,nan,nan,2.50
5/4/2023 20:21:20,1.16.3,PRexp,2,4.16,nan,40,Left,Left,291,2,22,21,nan,nan,0.07
5/4/2023 20:21:21,1.16.3,PRexp,2,4.16,nan,40,Left,Left,292,2,22,21,nan,nan,0.00
5/4/2023 20:21:24,1.16.3,PRexp,2,4.16,nan,40,Left,Left,293,2,22,21,nan,nan,1.19
5/4/2023 20:21:26,1.16.3,PRexp,2,4.16,nan,40,Left,Left,294,2,22,21,nan,nan,0.50
5/4/2023 20:21:29,1.16.3,PRexp,2,4.16,nan,40,Left,Left,295,2,22,21,nan,nan,0.94
5/4/2023 20:21:33,1.16.3,PRexp,2,4.16,nan,40,Left,Left,296,2,22,21,nan,nan,1.16
5/4/2023 20:21:37,1.16.3,PRexp,2,4.16,nan,40,Left,Left,297,2,22,21,nan,nan,0.36
5/4/2023 20:21:39,1.16.3,PRexp,2,4.16,nan,40,Left,Left,298,2,22,21,nan,nan,1.47
5/4/2023 20:21:43,1.16.3,PRexp,2,4.16,nan,40,Left,Left,299,2,22,21,nan,nan,1.33
5/4/2023 20:21:46,1.16.3,PRexp,2,4.16,nan,40,Left,Left,300,2,22,21,nan,nan,0.57
5/4/2023 20:21:50,1.16.3,PRexp,2,4.16,nan,40,Left,Left,301,2,22,21,nan,nan,1.37
5/4/2023 20:21:53,1.16.3,PRexp,2,4.16,nan,40,Left,Left,302,2,22,21,nan,nan,0.17
5/4/2023 20:21:58,1.16.3,PRexp,2,4.17,nan,40,Left,Left,303,2,22,21,nan,nan,0.13
5/4/2023 20:22:00,1.16.3,PRexp,2,4.16,nan,40,Left,Left,304,2,22,21,nan,nan,0.80
5/4/2023 20:22:02,1.16.3,PRexp,2,4.16,nan,40,Left,Left,305,2,22,21,nan,nan,1.23
5/4/2023 20:22:04,1.16.3,PRexp,2,4.16,nan,40,Left,Left,306,2,22,21,nan,nan,0.21
5/4/2023 20:22:06,1.16.3,PRexp,2,4.16,nan,40,Left,Left,307,2,22,21,nan,nan,0.20
5/4/2023 20:42:32,1.16.3,PRexp,2,4.15,nan,40,Left,Left,308,2,22,21,nan,nan,0.03
5/4/2023 20:42:44,1.16.3,PRexp,2,4.16,nan,40,Left,Left,309,2,22,21,nan,nan,0.00
5/4/2023 20:42:47,1.16.3,PRexp,2,4.16,nan,40,Left,Left,310,2,22,21,nan,nan,0.05
5/4/2023 20:43:08,1.16.3,PRexp,2,4.16,nan,40,Left,Left,311,2,22,21,nan,nan,0.02
5/4/2023 21:00:19,1.16.3,PRexp,2,4.16,nan,40,Left,Left,312,2,22,21,nan,nan,0.03
5/4/2023 21:00:28,1.16.3,PRexp,2,4.16,nan,40,Left,Left,313,2,22,21,nan,nan,0.05
5/4/2023 21:00:29,1.16.3,PRexp,2,4.16,1,40,Pellet,Left,313,2,23,22,0.40,2408,nan
5/4/2023 21:01:34,1.16.3,PRexp,2,4.16,nan,45,Left,Left,314,2,23,22,nan,nan,0.04
5/4/2023 21:01:38,1.16.3,PRexp,2,4.16,nan,45,Left,Left,315,2,23,22,nan,nan,0.86
5/4/2023 21:01:39,1.16.3,PRexp,2,4.16,nan,45,Left,Left,316,2,23,22,nan,nan,0.00
5/4/2023 21:01:40,1.16.3,PRexp,2,4.16,nan,45,Left,Left,317,2,23,22,nan,nan,0.11
5/4/2023 21:01:41,1.16.3,PRexp,2,4.16,nan,45,Left,Left,318,2,23,22,nan,nan,0.06
5/4/2023 21:01:42,1.16.3,PRexp,2,4.16,nan,45,Left,Left,319,2,23,22,nan,nan,0.07
5/4/2023 21:01:43,1.16.3,PRexp,2,4.16,nan,45,Left,Left,320,2,23,22,nan,nan,0.07
5/4/2023 21:01:44,1.16.3,PRexp,2,4.16,nan,45,Left,Left,321,2,23,22,nan,nan,0.13
5/4/2023 21:01:45,1.16.3,PRexp,2,4.16,nan,45,Left,Left,322,2,23,22,nan,nan,0.03
5/4/2023 21:01:46,1.16.3,PRexp,2,4.16,nan,45,Left,Left,323,2,23,22,nan,nan,0.05
5/4/2023 21:01:51,1.16.3,PRexp,2,4.15,nan,45,Left,Left,324,2,23,22,nan,nan,0.04
5/4/2023 21:01:52,1.16.3,PRexp,2,4.16,nan,45,Left,Left,325,2,23,22,nan,nan,0.36
5/4/2023 21:01:55,1.16.3,PRexp,2,4.16,nan,45,Left,Left,326,2,23,22,nan,nan,0.84
5/4/2023 21:01:57,1.16.3,PRexp,2,4.16,nan,45,Left,Left,327,2,23,22,nan,nan,0.52
5/4/2023 21:02:02,1.16.3,PRexp,2,4.16,nan,45,Left,Left,328,2,23,22,nan,nan,0.80
5/4/2023 21:02:03,1.16.3,PRexp,2,4.16,nan,45,Left,Left,329,2,23,22,nan,nan,0.14
5/4/2023 21:02:05,1.16.3,PRexp,2,4.16,nan,45,Left,Left,330,2,23,22,nan,nan,0.07
5/4/2023 21:02:08,1.16.3,PRexp,2,4.16,nan,45,Left,Left,331,2,23,22,nan,nan,0.02
5/4/2023 21:02:12,1.16.3,PRexp,2,4.16,nan,45,Left,Left,332,2,23,22,nan,nan,0.04
5/4/2023 21:02:14,1.16.3,PRexp,2,4.16,nan,45,Left,Left,333,2,23,22,nan,nan,0.14
5/4/2023 21:02:18,1.16.3,PRexp,2,4.16,nan,45,Left,Left,334,2,23,22,nan,nan,0.14
5/4/2023 21:02:26,1.16.3,PRexp,2,4.16,nan,45,Left,Left,335,2,23,22,nan,nan,0.08
5/4/2023 21:02:28,1.16.3,PRexp,2,4.16,nan,45,Left,Left,336,2,23,22,nan,nan,0.36
5/4/2023 21:02:29,1.16.3,PRexp,2,4.16,nan,45,Left,Left,337,2,23,22,nan,nan,0.23
5/4/2023 21:02:33,1.16.3,PRexp,2,4.16,nan,45,Left,Left,338,2,23,22,nan,nan,1.13
5/4/2023 21:02:36,1.16.3,PRexp,2,4.16,nan,45,Left,Left,339,2,23,22,nan,nan,1.49
5/4/2023 21:02:38,1.16.3,PRexp,2,4.16,nan,45,Left,Left,340,2,23,22,nan,nan,0.67
5/4/2023 21:02:41,1.16.3,PRexp,2,4.16,nan,45,Left,Left,341,2,23,22,nan,nan,1.75
5/4/2023 21:02:45,1.16.3,PRexp,2,4.16,nan,45,Left,Left,342,2,23,22,nan,nan,1.56
5/4/2023 21:02:47,1.16.3,PRexp,2,4.16,nan,45,Left,Left,343,2,23,22,nan,nan,0.17
5/4/2023 21:02:49,1.16.3,PRexp,2,4.16,nan,45,Left,Left,344,2,23,22,nan,nan,0.73
5/4/2023 21:02:54,1.16.3,PRexp,2,4.16,nan,45,Left,Left,345,2,23,22,nan,nan,3.33
5/4/2023 21:02:58,1.16.3,PRexp,2,4.16,nan,45,Left,Left,346,2,23,22,nan,nan,1.77
5/4/2023 21:02:59,1.16.3,PRexp,2,4.16,nan,45,Left,Left,347,2,23,22,nan,nan,0.00
5/4/2023 21:03:03,1.16.3,PRexp,2,4.16,nan,45,Left,Left,348,2,23,22,nan,nan,2.56
5/4/2023 21:03:07,1.16.3,PRexp,2,4.16,nan,45,Left,Left,349,2,23,22,nan,nan,2.79
5/4/2023 21:03:10,1.16.3,PRexp,2,4.16,nan,45,Left,Left,350,2,23,22,nan,nan,0.13
5/4/2023 21:03:14,1.16.3,PRexp,2,4.16,nan,45,Left,Left,351,2,23,22,nan,nan,0.09
5/4/2023 21:03:16,1.16.3,PRexp,2,4.16,nan,45,Left,Left,352,2,23,22,nan,nan,0.00
5/4/2023 21:03:22,1.16.3,PRexp,2,4.16,nan,45,Left,Left,353,2,23,22,nan,nan,2.88
5/4/2023 21:03:23,1.16.3,PRexp,2,4.16,nan,45,Left,Left,354,2,23,22,nan,nan,0.00
5/4/2023 21:03:28,1.16.3,PRexp,2,4.16,nan,45,Left,Left,355,2,23,22,nan,nan,0.07
5/4/2023 21:03:29,1.16.3,PRexp,2,4.16,nan,45,Left,Left,356,2,23,22,nan,nan,0.18
5/4/2023 21:03:32,1.16.3,PRexp,2,4.15,nan,45,Left,Left,357,2,23,22,nan,nan,0.13
5/4/2023 21:03:36,1.16.3,PRexp,2,4.16,nan,45,Left,Left,358,2,23,22,nan,nan,0.17
5/4/2023 21:03:37,1.16.3,PRexp,2,4.16,1,45,Pellet,Left,358,2,24,23,0.47,188,nan
5/4/2023 21:04:37,1.16.3,PRexp,2,4.16,nan,50,Left,Left,359,2,24,23,nan,nan,0.09
5/4/2023 21:05:02,1.16.3,PRexp,2,4.16,nan,50,Right,Left,359,3,24,23,nan,nan,0.15
5/4/2023 21:05:05,1.16.3,PRexp,2,4.16,nan,50,Left,Left,360,3,24,23,nan,nan,0.15
5/4/2023 21:05:07,1.16.3,PRexp,2,4.16,nan,50,Left,Left,361,3,24,23,nan,nan,0.25
5/4/2023 21:05:08,1.16.3,PRexp,2,4.16,nan,50,Left,Left,362,3,24,23,nan,nan,0.35
5/4/2023 21:05:10,1.16.3,PRexp,2,4.16,nan,50,Left,Left,363,3,24,23,nan,nan,0.25
5/4/2023 21:05:13,1.16.3,PRexp,2,4.16,nan,50,Left,Left,364,3,24,23,nan,nan,0.09
5/4/2023 21:05:15,1.16.3,PRexp,2,4.16,nan,50,Left,Left,365,3,24,23,nan,nan,0.15
5/4/2023 21:05:16,1.16.3,PRexp,2,4.16,nan,50,Left,Left,366,3,24,23,nan,nan,0.22
5/4/2023 21:05:17,1.16.3,PRexp,2,4.16,nan,50,Left,Left,367,3,24,23,nan,nan,0.19
5/4/2023 21:05:18,1.16.3,PRexp,2,4.16,nan,50,Left,Left,368,3,24,23,nan,nan,0.13
5/4/2023 21:05:19,1.16.3,PRexp,2,4.16,nan,50,Left,Left,369,3,24,23,nan,nan,0.25
5/4/2023 21:05:21,1.16.3,PRexp,2,4.16,nan,50,Left,Left,370,3,24,23,nan,nan,0.09
5/4/2023 21:05:23,1.16.3,PRexp,2,4.16,nan,50,Left,Left,371,3,24,23,nan,nan,0.52
5/4/2023 21:05:25,1.16.3,PRexp,2,4.16,nan,50,Left,Left,372,3,24,23,nan,nan,0.18
5/4/2023 21:05:26,1.16.3,PRexp,2,4.16,nan,50,Left,Left,373,3,24,23,nan,nan,0.19
5/4/2023 21:05:30,1.16.3,PRexp,2,4.15,nan,50,Left,Left,374,3,24,23,nan,nan,0.59
5/4/2023 21:05:32,1.16.3,PRexp,2,4.16,nan,50,Left,Left,375,3,24,23,nan,nan,0.17
5/4/2023 21:05:34,1.16.3,PRexp,2,4.16,nan,50,Left,Left,376,3,24,23,nan,nan,0.44
5/4/2023 21:05:36,1.16.3,PRexp,2,4.16,nan,50,Left,Left,377,3,24,23,nan,nan,0.78
5/4/2023 21:05:38,1.16.3,PRexp,2,4.16,nan,50,Left,Left,378,3,24,23,nan,nan,0.15
5/4/2023 21:05:42,1.16.3,PRexp,2,4.16,nan,50,Left,Left,379,3,24,23,nan,nan,0.19
5/4/2023 21:13:36,1.16.3,PRexp,2,4.16,nan,50,Left,Left,380,3,24,23,nan,nan,0.03
5/4/2023 21:13:38,1.16.3,PRexp,2,4.16,nan,50,Left,Left,381,3,24,23,nan,nan,0.29
5/4/2023 21:13:42,1.16.3,PRexp,2,4.16,nan,50,Left,Left,382,3,24,23,nan,nan,0.64
5/4/2023 21:13:45,1.16.3,PRexp,2,4.16,nan,50,Left,Left,383,3,24,23,nan,nan,0.66
5/4/2023 21:13:48,1.16.3,PRexp,2,4.16,nan,50,Left,Left,384,3,24,23,nan,nan,0.09
5/4/2023 21:13:49,1.16.3,PRexp,2,4.15,nan,50,Left,Left,385,3,24,23,nan,nan,0.04
5/4/2023 21:13:50,1.16.3,PRexp,2,4.16,nan,50,Left,Left,386,3,24,23,nan,nan,0.01
5/4/2023 21:13:53,1.16.3,PRexp,2,4.16,nan,50,Left,Left,387,3,24,23,nan,nan,0.05
5/4/2023 21:13:55,1.16.3,PRexp,2,4.16,nan,50,Left,Left,388,3,24,23,nan,nan,1.09
5/4/2023 21:13:59,1.16.3,PRexp,2,4.16,nan,50,Left,Left,389,3,24,23,nan,nan,2.68
5/4/2023 21:14:03,1.16.3,PRexp,2,4.16,nan,50,Left,Left,390,3,24,23,nan,nan,0.36
5/4/2023 21:14:05,1.16.3,PRexp,2,4.16,nan,50,Left,Left,391,3,24,23,nan,nan,1.61
5/4/2023 21:14:06,1.16.3,PRexp,2,4.16,nan,50,Left,Left,392,3,24,23,nan,nan,0.15
5/4/2023 21:14:11,1.16.3,PRexp,2,4.16,nan,50,Left,Left,393,3,24,23,nan,nan,0.77
5/4/2023 21:14:13,1.16.3,PRexp,2,4.16,nan,50,Left,Left,394,3,24,23,nan,nan,0.12
5/4/2023 21:14:15,1.16.3,PRexp,2,4.16,nan,50,Left,Left,395,3,24,23,nan,nan,0.10
5/4/2023 21:14:17,1.16.3,PRexp,2,4.16,nan,50,Left,Left,396,3,24,23,nan,nan,0.10
5/4/2023 21:14:20,1.16.3,PRexp,2,4.16,nan,50,Left,Left,397,3,24,23,nan,nan,1.39
5/4/2023 21:14:22,1.16.3,PRexp,2,4.16,nan,50,Left,Left,398,3,24,23,nan,nan,0.89
5/4/2023 21:14:26,1.16.3,PRexp,2,4.16,nan,50,Left,Left,399,3,24,23,nan,nan,0.00
5/4/2023 21:14:31,1.16.3,PRexp,2,4.16,nan,50,Left,Left,400,3,24,23,nan,nan,3.94
5/4/2023 21:14:42,1.16.3,PRexp,2,4.16,nan,50,Left,Left,401,3,24,23,nan,nan,7.17
5/4/2023 21:14:46,1.16.3,PRexp,2,4.16,nan,50,Left,Left,402,3,24,23,nan,nan,3.14
5/4/2023 21:14:49,1.16.3,PRexp,2,4.15,nan,50,Left,Left,403,3,24,23,nan,nan,1.47
5/4/2023 21:15:01,1.16.3,PRexp,2,4.16,nan,50,Left,Left,404,3,24,23,nan,nan,3.40
5/4/2023 21:15:02,1.16.3,PRexp,2,4.15,nan,50,Left,Left,405,3,24,23,nan,nan,0.39
5/4/2023 21:41:10,1.16.3,PRexp,2,4.15,nan,50,Left,Left,406,3,24,23,nan,nan,0.06
5/4/2023 21:41:13,1.16.3,PRexp,2,4.16,nan,50,Left,Left,407,3,24,23,nan,nan,0.09
5/4/2023 21:41:14,1.16.3,PRexp,2,4.16,nan,50,Left,Left,408,3,24,23,nan,nan,0.08
5/4/2023 21:41:16,1.16.3,PRexp,2,4.15,2,50,Pellet,Left,408,3,25,24,0.61,2259,nan
5/4/2023 21:43:25,1.16.3,PRexp,2,4.16,nan,56,Left,Left,409,3,25,24,nan,nan,0.47
5/4/2023 21:43:31,1.16.3,PRexp,2,4.16,nan,56,Left,Left,410,3,25,24,nan,nan,0.08
5/4/2023 21:43:36,1.16.3,PRexp,2,4.16,nan,56,Left,Left,411,3,25,24,nan,nan,0.04
5/4/2023 21:43:38,1.16.3,PRexp,2,4.15,nan,56,Left,Left,412,3,25,24,nan,nan,0.10
5/4/2023 21:43:39,1.16.3,PRexp,2,4.15,nan,56,Left,Left,413,3,25,24,nan,nan,0.64
5/4/2023 21:43:42,1.16.3,PRexp,2,4.16,nan,56,Left,Left,414,3,25,24,nan,nan,0.06
5/4/2023 21:43:43,1.16.3,PRexp,2,4.16,nan,56,Left,Left,415,3,25,24,nan,nan,0.87
5/4/2023 21:43:45,1.16.3,PRexp,2,4.16,nan,56,Left,Left,416,3,25,24,nan,nan,0.04
5/4/2023 21:43:47,1.16.3,PRexp,2,4.16,nan,56,Left,Left,417,3,25,24,nan,nan,0.02
5/4/2023 21:43:49,1.16.3,PRexp,2,4.16,nan,56,Left,Left,418,3,25,24,nan,nan,0.64
5/4/2023 21:43:52,1.16.3,PRexp,2,4.15,nan,56,Left,Left,419,3,25,24,nan,nan,0.05
5/4/2023 21:43:55,1.16.3,PRexp,2,4.16,nan,56,Left,Left,420,3,25,24,nan,nan,0.83
5/4/2023 21:43:57,1.16.3,PRexp,2,4.16,nan,56,Left,Left,421,3,25,24,nan,nan,1.03
5/4/2023 21:43:59,1.16.3,PRexp,2,4.16,nan,56,Left,Left,422,3,25,24,nan,nan,1.09
5/4/2023 21:44:01,1.16.3,PRexp,2,4.16,nan,56,Left,Left,423,3,25,24,nan,nan,0.07
5/4/2023 21:44:02,1.16.3,PRexp,2,4.16,nan,56,Left,Left,424,3,25,24,nan,nan,0.65
5/4/2023 21:44:02,1.16.3,PRexp,2,4.15,nan,56,Left,Left,425,3,25,24,nan,nan,0.01
5/4/2023 21:44:05,1.16.3,PRexp,2,4.16,nan,56,Left,Left,426,3,25,24,nan,nan,0.13
5/4/2023 21:44:06,1.16.3,PRexp,2,4.16,nan,56,Left,Left,427,3,25,24,nan,nan,0.09
5/4/2023 21:44:09,1.16.3,PRexp,2,4.16,nan,56,Left,Left,428,3,25,24,nan,nan,1.82
5/4/2023 21:44:11,1.16.3,PRexp,2,4.15,nan,56,Left,Left,429,3,25,24,nan,nan,0.90
5/4/2023 21:44:14,1.16.3,PRexp,2,4.16,nan,56,Left,Left,430,3,25,24,nan,nan,1.47
5/4/2023 21:44:16,1.16.3,PRexp,2,4.16,nan,56,Left,Left,431,3,25,24,nan,nan,1.10
5/4/2023 21:44:17,1.16.3,PRexp,2,4.16,nan,56,Left,Left,432,3,25,24,nan,nan,0.11
5/4/2023 21:44:20,1.16.3,PRexp,2,4.16,nan,56,Left,Left,433,3,25,24,nan,nan,0.07
5/4/2023 21:45:16,1.16.3,PRexp,2,4.16,nan,56,Left,Left,434,3,25,24,nan,nan,0.04
5/4/2023 21:45:18,1.16.3,PRexp,2,4.15,nan,56,Left,Left,435,3,25,24,nan,nan,0.01
5/4/2023 21:45:22,1.16.3,PRexp,2,4.16,nan,56,Left,Left,436,3,25,24,nan,nan,0.08
5/4/2023 21:45:24,1.16.3,PRexp,2,4.16,nan,56,Left,Left,437,3,25,24,nan,nan,0.23
5/4/2023 21:45:27,1.16.3,PRexp,2,4.16,nan,56,Left,Left,438,3,25,24,nan,nan,0.51
5/4/2023 21:45:28,1.16.3,PRexp,2,4.16,nan,56,Left,Left,439,3,25,24,nan,nan,0.25
5/4/2023 21:45:29,1.16.3,PRexp,2,4.16,nan,56,Left,Left,440,3,25,24,nan,nan,0.03
5/4/2023 21:45:33,1.16.3,PRexp,2,4.16,nan,56,Left,Left,441,3,25,24,nan,nan,0.53
5/4/2023 21:45:35,1.16.3,PRexp,2,4.16,nan,56,Left,Left,442,3,25,24,nan,nan,0.20
5/4/2023 21:45:36,1.16.3,PRexp,2,4.15,nan,56,Left,Left,443,3,25,24,nan,nan,0.12
5/4/2023 21:45:38,1.16.3,PRexp,2,4.16,nan,56,Left,Left,444,3,25,24,nan,nan,0.21
5/4/2023 21:45:40,1.16.3,PRexp,2,4.16,nan,56,Left,Left,445,3,25,24,nan,nan,0.25
5/4/2023 21:45:42,1.16.3,PRexp,2,4.16,nan,56,Left,Left,446,3,25,24,nan,nan,0.20
5/4/2023 21:45:44,1.16.3,PRexp,2,4.15,nan,56,Left,Left,447,3,25,24,nan,nan,0.26
5/4/2023 21:45:47,1.16.3,PRexp,2,4.16,nan,56,Left,Left,448,3,25,24,nan,nan,0.40
5/4/2023 21:45:52,1.16.3,PRexp,2,4.16,nan,56,Left,Left,449,3,25,24,nan,nan,0.12
5/4/2023 21:45:53,1.16.3,PRexp,2,4.15,nan,56,Left,Left,450,3,25,24,nan,nan,0.10
5/4/2023 21:45:55,1.16.3,PRexp,2,4.16,nan,56,Left,Left,451,3,25,24,nan,nan,0.63
5/4/2023 21:45:57,1.16.3,PRexp,2,4.16,nan,56,Left,Left,452,3,25,24,nan,nan,0.24
5/4/2023 21:45:58,1.16.3,PRexp,2,4.16,nan,56,Left,Left,453,3,25,24,nan,nan,0.64
5/4/2023 21:45:59,1.16.3,PRexp,2,4.15,nan,56,Left,Left,454,3,25,24,nan,nan,0.12
5/4/2023 21:46:01,1.16.3,PRexp,2,4.16,nan,56,Left,Left,455,3,25,24,nan,nan,0.89
5/4/2023 21:46:02,1.16.3,PRexp,2,4.15,nan,56,Left,Left,456,3,25,24,nan,nan,0.02
5/4/2023 21:46:04,1.16.3,PRexp,2,4.16,nan,56,Left,Left,457,3,25,24,nan,nan,0.18
5/4/2023 21:46:06,1.16.3,PRexp,2,4.16,nan,56,Left,Left,458,3,25,24,nan,nan,0.23
5/4/2023 21:46:09,1.16.3,PRexp,2,4.16,nan,56,Left,Left,459,3,25,24,nan,nan,1.12
5/4/2023 21:46:10,1.16.3,PRexp,2,4.15,nan,56,Left,Left,460,3,25,24,nan,nan,0.56
5/4/2023 21:46:12,1.16.3,PRexp,2,4.16,nan,56,Left,Left,461,3,25,24,nan,nan,0.20
5/4/2023 21:46:15,1.16.3,PRexp,2,4.15,nan,56,Left,Left,462,3,25,24,nan,nan,0.68
5/4/2023 21:46:17,1.16.3,PRexp,2,4.16,nan,56,Left,Left,463,3,25,24,nan,nan,0.27
5/4/2023 21:46:19,1.16.3,PRexp,2,4.16,nan,56,Left,Left,464,3,25,24,nan,nan,0.67
5/4/2023 21:46:20,1.16.3,PRexp,2,4.15,2,56,Pellet,Left,464,3,26,25,0.27,304,nan
5/4/2023 22:07:15,1.16.3,PRexp,2,4.16,nan,62,Left,Left,465,3,26,25,nan,nan,0.05
5/4/2023 22:07:17,1.16.3,PRexp,2,4.16,nan,62,Left,Left,466,3,26,25,nan,nan,0.04
5/4/2023 22:07:19,1.16.3,PRexp,2,4.16,nan,62,Left,Left,467,3,26,25,nan,nan,0.09
5/4/2023 22:07:20,1.16.3,PRexp,2,4.16,nan,62,Left,Left,468,3,26,25,nan,nan,0.08
5/4/2023 22:07:23,1.16.3,PRexp,2,4.16,nan,62,Left,Left,469,3,26,25,nan,nan,0.42
5/4/2023 22:07:24,1.16.3,PRexp,2,4.16,nan,62,Left,Left,470,3,26,25,nan,nan,0.09
5/4/2023 22:07:26,1.16.3,PRexp,2,4.16,nan,62,Left,Left,471,3,26,25,nan,nan,0.05
5/4/2023 22:07:29,1.16.3,PRexp,2,4.16,nan,62,Left,Left,472,3,26,25,nan,nan,0.81
5/4/2023 22:07:32,1.16.3,PRexp,2,4.16,nan,62,Left,Left,473,3,26,25,nan,nan,0.09
5/4/2023 22:07:33,1.16.3,PRexp,2,4.15,nan,62,Left,Left,474,3,26,25,nan,nan,0.03
5/4/2023 22:07:37,1.16.3,PRexp,2,4.16,nan,62,Left,Left,475,3,26,25,nan,nan,0.08
5/4/2023 22:07:38,1.16.3,PRexp,2,4.16,nan,62,Left,Left,476,3,26,25,nan,nan,0.11
5/4/2023 22:07:39,1.16.3,PRexp,2,4.15,nan,62,Left,Left,477,3,26,25,nan,nan,0.44
5/4/2023 22:07:41,1.16.3,PRexp,2,4.15,nan,62,Left,Left,478,3,26,25,nan,nan,0.18
5/4/2023 22:07:44,1.16.3,PRexp,2,4.16,nan,62,Left,Left,479,3,26,25,nan,nan,0.09
5/4/2023 22:07:46,1.16.3,PRexp,2,4.15,nan,62,Left,Left,480,3,26,25,nan,nan,0.72
5/4/2023 22:07:49,1.16.3,PRexp,2,4.15,nan,62,Left,Left,481,3,26,25,nan,nan,0.00
5/4/2023 22:07:51,1.16.3,PRexp,2,4.15,nan,62,Left,Left,482,3,26,25,nan,nan,0.95
5/4/2023 22:07:53,1.16.3,PRexp,2,4.16,nan,62,Left,Left,483,3,26,25,nan,nan,0.85
5/4/2023 22:07:55,1.16.3,PRexp,2,4.16,nan,62,Left,Left,484,3,26,25,nan,nan,0.86
5/4/2023 22:07:57,1.16.3,PRexp,2,4.16,nan,62,Left,Left,485,3,26,25,nan,nan,1.11
5/4/2023 22:08:01,1.16.3,PRexp,2,4.16,nan,62,Left,Left,486,3,26,25,nan,nan,1.28
5/4/2023 22:08:03,1.16.3,PRexp,2,4.16,nan,62,Left,Left,487,3,26,25,nan,nan,1.05
5/4/2023 22:08:05,1.16.3,PRexp,2,4.15,nan,62,Left,Left,488,3,26,25,nan,nan,0.16
5/4/2023 22:08:07,1.16.3,PRexp,2,4.16,nan,62,Left,Left,489,3,26,25,nan,nan,0.27
5/4/2023 22:08:08,1.16.3,PRexp,2,4.16,nan,62,Left,Left,490,3,26,25,nan,nan,0.03
5/4/2023 22:08:08,1.16.3,PRexp,2,4.16,nan,62,Left,Left,491,3,26,25,nan,nan,0.00
5/4/2023 22:08:10,1.16.3,PRexp,2,4.16,nan,62,Left,Left,492,3,26,25,nan,nan,0.14
5/4/2023 22:08:14,1.16.3,PRexp,2,4.16,nan,62,Left,Left,493,3,26,25,nan,nan,3.04
5/4/2023 22:08:18,1.16.3,PRexp,2,4.16,nan,62,Left,Left,494,3,26,25,nan,nan,1.35
5/4/2023 22:08:19,1.16.3,PRexp,2,4.16,nan,62,Left,Left,495,3,26,25,nan,nan,0.08
5/4/2023 22:08:24,1.16.3,PRexp,2,4.16,nan,62,Left,Left,496,3,26,25,nan,nan,0.22
5/4/2023 22:08:27,1.16.3,PRexp,2,4.16,nan,62,Left,Left,497,3,26,25,nan,nan,0.59
5/4/2023 22:08:29,1.16.3,PRexp,2,4.16,nan,62,Left,Left,498,3,26,25,nan,nan,0.88
5/4/2023 22:08:31,1.16.3,PRexp,2,4.16,nan,62,Left,Left,499,3,26,25,nan,nan,0.12
5/4/2023 22:08:33,1.16.3,PRexp,2,4.16,nan,62,Left,Left,500,3,26,25,nan,nan,0.27
5/4/2023 22:08:36,1.16.3,PRexp,2,4.16,nan,62,Left,Left,501,3,26,25,nan,nan,1.59
5/4/2023 22:08:39,1.16.3,PRexp,2,4.16,nan,62,Left,Left,502,3,26,25,nan,nan,1.45
5/4/2023 22:08:42,1.16.3,PRexp,2,4.16,nan,62,Left,Left,503,3,26,25,nan,nan,1.48
5/4/2023 22:08:45,1.16.3,PRexp,2,4.15,nan,62,Left,Left,504,3,26,25,nan,nan,1.21
5/4/2023 22:08:46,1.16.3,PRexp,2,4.16,nan,62,Left,Left,505,3,26,25,nan,nan,0.04
5/4/2023 22:08:47,1.16.3,PRexp,2,4.16,nan,62,Left,Left,506,3,26,25,nan,nan,0.12
5/4/2023 22:08:48,1.16.3,PRexp,2,4.15,nan,62,Left,Left,507,3,26,25,nan,nan,0.00
5/4/2023 22:08:50,1.16.3,PRexp,2,4.16,nan,62,Left,Left,508,3,26,25,nan,nan,1.17
5/4/2023 22:08:53,1.16.3,PRexp,2,4.16,nan,62,Left,Left,509,3,26,25,nan,nan,1.65
5/4/2023 22:08:54,1.16.3,PRexp,2,4.15,nan,62,Left,Left,510,3,26,25,nan,nan,0.03
5/4/2023 22:08:56,1.16.3,PRexp,2,4.15,nan,62,Left,Left,511,3,26,25,nan,nan,0.00
5/4/2023 22:08:59,1.16.3,PRexp,2,4.15,nan,62,Left,Left,512,3,26,25,nan,nan,0.28
5/4/2023 22:09:02,1.16.3,PRexp,2,4.16,nan,62,Left,Left,513,3,26,25,nan,nan,0.61
5/4/2023 22:09:04,1.16.3,PRexp,2,4.16,nan,62,Left,Left,514,3,26,25,nan,nan,1.09
5/4/2023 22:09:06,1.16.3,PRexp,2,4.15,nan,62,Left,Left,515,3,26,25,nan,nan,0.11
5/4/2023 22:09:13,1.16.3,PRexp,2,4.16,nan,62,Left,Left,516,3,26,25,nan,nan,0.06
5/4/2023 22:09:15,1.16.3,PRexp,2,4.16,nan,62,Left,Left,517,3,26,25,nan,nan,0.05
5/4/2023 22:09:18,1.16.3,PRexp,2,4.16,nan,62,Left,Left,518,3,26,25,nan,nan,0.02
5/4/2023 22:09:21,1.16.3,PRexp,2,4.16,nan,62,Left,Left,519,3,26,25,nan,nan,0.08
5/4/2023 22:09:22,1.16.3,PRexp,2,4.16,nan,62,Left,Left,520,3,26,25,nan,nan,0.03
5/4/2023 22:09:23,1.16.3,PRexp,2,4.15,nan,62,Left,Left,521,3,26,25,nan,nan,0.15
5/4/2023 22:09:27,1.16.3,PRexp,2,4.16,nan,62,Left,Left,522,3,26,25,nan,nan,0.14
5/4/2023 22:09:30,1.16.3,PRexp,2,4.16,nan,62,Left,Left,523,3,26,25,nan,nan,0.04
5/4/2023 22:09:32,1.16.3,PRexp,2,4.16,nan,62,Left,Left,524,3,26,25,nan,nan,0.80
5/4/2023 22:10:04,1.16.3,PRexp,2,4.16,nan,62,Right,Left,524,4,26,25,nan,nan,0.68
5/4/2023 22:10:06,1.16.3,PRexp,2,4.16,nan,62,Left,Left,525,4,26,25,nan,nan,0.05
5/4/2023 22:10:09,1.16.3,PRexp,2,4.16,nan,62,Left,Left,526,4,26,25,nan,nan,0.24
5/4/2023 22:10:11,1.16.3,PRexp,2,4.15,1,62,Pellet,Left,526,4,27,26,0.75,1431,nan
5/4/2023 22:10:39,1.16.3,PRexp,2,4.16,nan,69,Left,Left,527,4,27,26,nan,nan,0.03
5/4/2023 22:10:50,1.16.3,PRexp,2,4.16,nan,69,Left,Left,528,4,27,26,nan,nan,0.59
5/4/2023 22:10:52,1.16.3,PRexp,2,4.16,nan,69,Left,Left,529,4,27,26,nan,nan,0.23
5/4/2023 22:10:53,1.16.3,PRexp,2,4.16,nan,69,Left,Left,530,4,27,26,nan,nan,0.64
5/4/2023 22:10:55,1.16.3,PRexp,2,4.16,nan,69,Left,Left,531,4,27,26,nan,nan,0.34
5/4/2023 22:10:56,1.16.3,PRexp,2,4.16,nan,69,Left,Left,532,4,27,26,nan,nan,0.06
5/4/2023 22:10:57,1.16.3,PRexp,2,4.15,nan,69,Left,Left,533,4,27,26,nan,nan,0.07
5/4/2023 22:10:59,1.16.3,PRexp,2,4.16,nan,69,Left,Left,534,4,27,26,nan,nan,0.11
5/4/2023 22:11:01,1.16.3,PRexp,2,4.16,nan,69,Left,Left,535,4,27,26,nan,nan,0.62
5/4/2023 22:11:02,1.16.3,PRexp,2,4.16,nan,69,Left,Left,536,4,27,26,nan,nan,0.28
5/4/2023 22:11:04,1.16.3,PRexp,2,4.15,nan,69,Left,Left,537,4,27,26,nan,nan,0.12
5/4/2023 22:11:06,1.16.3,PRexp,2,4.16,nan,69,Left,Left,538,4,27,26,nan,nan,0.50
5/4/2023 22:11:09,1.16.3,PRexp,2,4.16,nan,69,Left,Left,539,4,27,26,nan,nan,0.66
5/4/2023 22:11:13,1.16.3,PRexp,2,4.16,nan,69,Left,Left,540,4,27,26,nan,nan,0.16
5/4/2023 22:11:14,1.16.3,PRexp,2,4.16,nan,69,Left,Left,541,4,27,26,nan,nan,0.33
5/4/2023 22:11:16,1.16.3,PRexp,2,4.15,nan,69,Left,Left,542,4,27,26,nan,nan,1.02
5/4/2023 22:11:20,1.16.3,PRexp,2,4.16,nan,69,Left,Left,543,4,27,26,nan,nan,0.26
5/4/2023 22:11:23,1.16.3,PRexp,2,4.15,nan,69,Left,Left,544,4,27,26,nan,nan,0.17
5/4/2023 22:11:25,1.16.3,PRexp,2,4.15,nan,69,Left,Left,545,4,27,26,nan,nan,0.25
5/4/2023 22:11:28,1.16.3,PRexp,2,4.16,nan,69,Left,Left,546,4,27,26,nan,nan,0.90
5/4/2023 22:11:29,1.16.3,PRexp,2,4.16,nan,69,Left,Left,547,4,27,26,nan,nan,0.14
5/4/2023 22:11:32,1.16.3,PRexp,2,4.16,nan,69,Left,Left,548,4,27,26,nan,nan,0.90
5/4/2023 22:11:34,1.16.3,PRexp,2,4.16,nan,69,Left,Left,549,4,27,26,nan,nan,0.54
5/4/2023 22:11:37,1.16.3,PRexp,2,4.16,nan,69,Left,Left,550,4,27,26,nan,nan,1.15
5/4/2023 22:11:40,1.16.3,PRexp,2,4.16,nan,69,Left,Left,551,4,27,26,nan,nan,1.33
5/4/2023 22:11:42,1.16.3,PRexp,2,4.16,nan,69,Left,Left,552,4,27,26,nan,nan,0.95
5/4/2023 22:11:44,1.16.3,PRexp,2,4.16,nan,69,Left,Left,553,4,27,26,nan,nan,0.35
5/4/2023 22:11:47,1.16.3,PRexp,2,4.16,nan,69,Left,Left,554,4,27,26,nan,nan,1.19
5/4/2023 22:11:49,1.16.3,PRexp,2,4.16,nan,69,Left,Left,555,4,27,26,nan,nan,0.15
5/4/2023 22:39:29,1.16.3,PRexp,2,4.16,nan,69,Left,Left,556,4,27,26,nan,nan,0.05
5/4/2023 22:39:35,1.16.3,PRexp,2,4.16,nan,69,Left,Left,557,4,27,26,nan,nan,0.03
5/4/2023 22:39:37,1.16.3,PRexp,2,4.16,nan,69,Left,Left,558,4,27,26,nan,nan,0.03
5/4/2023 22:39:40,1.16.3,PRexp,2,4.16,nan,69,Left,Left,559,4,27,26,nan,nan,0.09
5/4/2023 22:39:42,1.16.3,PRexp,2,4.16,nan,69,Left,Left,560,4,27,26,nan,nan,0.38
5/4/2023 22:39:46,1.16.3,PRexp,2,4.16,nan,69,Left,Left,561,4,27,26,nan,nan,0.08
5/4/2023 22:39:48,1.16.3,PRexp,2,4.15,nan,69,Left,Left,562,4,27,26,nan,nan,0.10
5/4/2023 22:39:55,1.16.3,PRexp,2,4.15,nan,69,Left,Left,563,4,27,26,nan,nan,0.04
5/4/2023 22:39:59,1.16.3,PRexp,2,4.16,nan,69,Left,Left,564,4,27,26,nan,nan,0.14
5/4/2023 22:40:00,1.16.3,PRexp,2,4.16,nan,69,Left,Left,565,4,27,26,nan,nan,0.05
5/4/2023 22:40:08,1.16.3,PRexp,2,4.15,nan,69,Left,Left,566,4,27,26,nan,nan,0.06
5/4/2023 22:40:09,1.16.3,PRexp,2,4.16,nan,69,Left,Left,567,4,27,26,nan,nan,0.17
5/4/2023 22:40:15,1.16.3,PRexp,2,4.16,nan,69,Left,Left,568,4,27,26,nan,nan,0.90
5/4/2023 22:41:40,1.16.3,PRexp,2,4.16,nan,69,Left,Left,569,4,27,26,nan,nan,0.68
5/4/2023 22:41:42,1.16.3,PRexp,2,4.15,nan,69,Left,Left,570,4,27,26,nan,nan,0.07
5/4/2023 22:41:44,1.16.3,PRexp,2,4.15,nan,69,Left,Left,571,4,27,26,nan,nan,0.01
5/4/2023 22:41:45,1.16.3,PRexp,2,4.15,nan,69,Left,Left,572,4,27,26,nan,nan,0.03
5/4/2023 22:41:47,1.16.3,PRexp,2,4.16,nan,69,Left,Left,573,4,27,26,nan,nan,0.34
5/4/2023 22:41:48,1.16.3,PRexp,2,4.16,nan,69,Left,Left,574,4,27,26,nan,nan,0.06
5/4/2023 22:41:50,1.16.3,PRexp,2,4.15,nan,69,Left,Left,575,4,27,26,nan,nan,0.01
5/4/2023 22:41:55,1.16.3,PRexp,2,4.15,nan,69,Left,Left,576,4,27,26,nan,nan,0.01
5/4/2023 22:41:56,1.16.3,PRexp,2,4.16,nan,69,Left,Left,577,4,27,26,nan,nan,0.70
5/4/2023 22:41:59,1.16.3,PRexp,2,4.15,nan,69,Left,Left,578,4,27,26,nan,nan,0.09
5/4/2023 22:42:00,1.16.3,PRexp,2,4.15,nan,69,Left,Left,579,4,27,26,nan,nan,0.96
5/4/2023 22:42:01,1.16.3,PRexp,2,4.15,nan,69,Left,Left,580,4,27,26,nan,nan,0.19
5/4/2023 22:42:06,1.16.3,PRexp,2,4.16,nan,69,Left,Left,581,4,27,26,nan,nan,0.12
5/4/2023 22:42:09,1.16.3,PRexp,2,4.16,nan,69,Left,Left,582,4,27,26,nan,nan,0.01
5/4/2023 22:42:10,1.16.3,PRexp,2,4.16,nan,69,Left,Left,583,4,27,26,nan,nan,0.06
5/4/2023 22:42:12,1.16.3,PRexp,2,4.15,nan,69,Left,Left,584,4,27,26,nan,nan,0.04
5/4/2023 22:42:13,1.16.3,PRexp,2,4.15,nan,69,Left,Left,585,4,27,26,nan,nan,0.51
5/4/2023 22:42:16,1.16.3,PRexp,2,4.16,nan,69,Left,Left,586,4,27,26,nan,nan,0.05
5/4/2023 22:42:18,1.16.3,PRexp,2,4.16,nan,69,Left,Left,587,4,27,26,nan,nan,0.00
5/4/2023 22:42:20,1.16.3,PRexp,2,4.15,nan,69,Left,Left,588,4,27,26,nan,nan,1.36
5/4/2023 22:42:23,1.16.3,PRexp,2,4.15,nan,69,Left,Left,589,4,27,26,nan,nan,0.12
5/4/2023 22:42:25,1.16.3,PRexp,2,4.16,nan,69,Left,Left,590,4,27,26,nan,nan,0.03
5/4/2023 22:42:26,1.16.3,PRexp,2,4.15,nan,69,Left,Left,591,4,27,26,nan,nan,0.04
5/4/2023 22:42:28,1.16.3,PRexp,2,4.15,nan,69,Left,Left,592,4,27,26,nan,nan,0.08
5/4/2023 22:42:29,1.16.3,PRexp,2,4.16,nan,69,Left,Left,593,4,27,26,nan,nan,0.15
5/4/2023 22:42:31,1.16.3,PRexp,2,4.16,nan,69,Left,Left,594,4,27,26,nan,nan,0.15
5/4/2023 22:42:32,1.16.3,PRexp,2,4.15,nan,69,Left,Left,595,4,27,26,nan,nan,0.01
5/4/2023 22:42:34,1.16.3,PRexp,2,4.16,1,69,Pellet,Left,595,4,28,27,0.68,1943,nan
5/4/2023 22:43:46,1.16.3,PRexp,2,4.16,nan,77,Left,Left,596,4,28,27,nan,nan,0.13
5/4/2023 22:43:51,1.16.3,PRexp,2,4.16,nan,77,Left,Left,597,4,28,27,nan,nan,0.02
5/4/2023 22:44:24,1.16.3,PRexp,2,4.15,nan,77,Left,Left,598,4,28,27,nan,nan,0.02
5/4/2023 22:44:28,1.16.3,PRexp,2,4.16,nan,77,Left,Left,599,4,28,27,nan,nan,0.52
5/4/2023 22:44:30,1.16.3,PRexp,2,4.16,nan,77,Left,Left,600,4,28,27,nan,nan,0.34
5/4/2023 22:44:31,1.16.3,PRexp,2,4.16,nan,77,Left,Left,601,4,28,27,nan,nan,0.03
5/4/2023 22:44:33,1.16.3,PRexp,2,4.16,nan,77,Left,Left,602,4,28,27,nan,nan,0.01
5/4/2023 22:44:35,1.16.3,PRexp,2,4.15,nan,77,Left,Left,603,4,28,27,nan,nan,0.45
5/4/2023 22:44:36,1.16.3,PRexp,2,4.16,nan,77,Left,Left,604,4,28,27,nan,nan,0.65
5/4/2023 22:44:38,1.16.3,PRexp,2,4.15,nan,77,Left,Left,605,4,28,27,nan,nan,0.02
5/4/2023 22:44:39,1.16.3,PRexp,2,4.15,nan,77,Left,Left,606,4,28,27,nan,nan,0.00
5/4/2023 22:44:41,1.16.3,PRexp,2,4.15,nan,77,Left,Left,607,4,28,27,nan,nan,0.00
5/4/2023 22:44:46,1.16.3,PRexp,2,4.16,nan,77,Left,Left,608,4,28,27,nan,nan,0.72
5/4/2023 22:44:48,1.16.3,PRexp,2,4.16,nan,77,Left,Left,609,4,28,27,nan,nan,0.00
5/4/2023 22:44:50,1.16.3,PRexp,2,4.16,nan,77,Left,Left,610,4,28,27,nan,nan,0.34
5/4/2023 22:44:51,1.16.3,PRexp,2,4.16,nan,77,Left,Left,611,4,28,27,nan,nan,0.22
5/4/2023 22:44:53,1.16.3,PRexp,2,4.15,nan,77,Left,Left,612,4,28,27,nan,nan,0.55
5/4/2023 22:44:55,1.16.3,PRexp,2,4.15,nan,77,Left,Left,613,4,28,27,nan,nan,0.53
5/4/2023 22:44:58,1.16.3,PRexp,2,4.15,nan,77,Left,Left,614,4,28,27,nan,nan,1.70
5/4/2023 22:44:59,1.16.3,PRexp,2,4.16,nan,77,Left,Left,615,4,28,27,nan,nan,0.00
5/4/2023 22:45:17,1.16.3,PRexp,2,4.15,nan,77,Left,Left,616,4,28,27,nan,nan,0.10
5/4/2023 22:51:28,1.16.3,PRexp,2,4.16,nan,77,Left,Left,617,4,28,27,nan,nan,0.03
5/4/2023 22:59:41,1.16.3,PRexp,2,4.16,nan,77,Left,Left,618,4,28,27,nan,nan,0.67
5/4/2023 22:59:43,1.16.3,PRexp,2,4.16,nan,77,Left,Left,619,4,28,27,nan,nan,0.11
5/4/2023 22:59:45,1.16.3,PRexp,2,4.15,nan,77,Left,Left,620,4,28,27,nan,nan,0.64
5/4/2023 22:59:48,1.16.3,PRexp,2,4.16,nan,77,Left,Left,621,4,28,27,nan,nan,0.77
5/4/2023 22:59:49,1.16.3,PRexp,2,4.16,nan,77,Left,Left,622,4,28,27,nan,nan,0.12
5/4/2023 22:59:51,1.16.3,PRexp,2,4.15,nan,77,Left,Left,623,4,28,27,nan,nan,1.34
5/4/2023 22:59:56,1.16.3,PRexp,2,4.16,nan,77,Left,Left,624,4,28,27,nan,nan,0.48
5/4/2023 23:00:01,1.16.3,PRexp,2,4.16,nan,77,Left,Left,625,4,28,27,nan,nan,0.28
5/4/2023 23:01:42,1.16.3,PRexp,2,4.15,nan,77,Left,Left,626,4,28,27,nan,nan,0.37
5/4/2023 23:03:17,1.16.3,PRexp,2,4.16,nan,77,Left,Left,627,4,28,27,nan,nan,79.15
5/4/2023 23:03:58,1.16.3,PRexp,2,4.16,nan,77,Left,Left,628,4,28,27,nan,nan,8.70
5/4/2023 23:03:59,1.16.3,PRexp,2,4.15,nan,77,Left,Left,629,4,28,27,nan,nan,0.00
5/4/2023 23:04:01,1.16.3,PRexp,2,4.15,nan,77,Left,Left,630,4,28,27,nan,nan,0.36
5/4/2023 23:04:02,1.16.3,PRexp,2,4.15,nan,77,Left,Left,631,4,28,27,nan,nan,0.00
5/4/2023 23:04:04,1.16.3,PRexp,2,4.15,nan,77,Left,Left,632,4,28,27,nan,nan,0.32
5/4/2023 23:04:05,1.16.3,PRexp,2,4.15,nan,77,Left,Left,633,4,28,27,nan,nan,0.00
5/4/2023 23:04:06,1.16.3,PRexp,2,4.15,nan,77,Left,Left,634,4,28,27,nan,nan,0.03
5/4/2023 23:04:08,1.16.3,PRexp,2,4.16,nan,77,Left,Left,635,4,28,27,nan,nan,0.31
5/4/2023 23:04:10,1.16.3,PRexp,2,4.15,nan,77,Left,Left,636,4,28,27,nan,nan,0.47
5/4/2023 23:04:11,1.16.3,PRexp,2,4.15,nan,77,Left,Left,637,4,28,27,nan,nan,0.01
5/4/2023 23:04:13,1.16.3,PRexp,2,4.16,nan,77,Left,Left,638,4,28,27,nan,nan,0.10
5/4/2023 23:04:14,1.16.3,PRexp,2,4.15,nan,77,Left,Left,639,4,28,27,nan,nan,0.02
5/4/2023 23:04:18,1.16.3,PRexp,2,4.16,nan,77,Left,Left,640,4,28,27,nan,nan,0.13
5/4/2023 23:04:20,1.16.3,PRexp,2,4.16,nan,77,Left,Left,641,4,28,27,nan,nan,0.10
5/4/2023 23:04:22,1.16.3,PRexp,2,4.16,nan,77,Left,Left,642,4,28,27,nan,nan,0.18
5/4/2023 23:04:23,1.16.3,PRexp,2,4.15,nan,77,Left,Left,643,4,28,27,nan,nan,0.01
5/4/2023 23:04:23,1.16.3,PRexp,2,4.15,nan,77,Left,Left,644,4,28,27,nan,nan,0.09
5/4/2023 23:04:25,1.16.3,PRexp,2,4.16,nan,77,Left,Left,645,4,28,27,nan,nan,0.15
5/4/2023 23:04:27,1.16.3,PRexp,2,4.16,nan,77,Left,Left,646,4,28,27,nan,nan,0.97
5/4/2023 23:04:28,1.16.3,PRexp,2,4.15,nan,77,Left,Left,647,4,28,27,nan,nan,0.05
5/4/2023 23:04:31,1.16.3,PRexp,2,4.16,nan,77,Left,Left,648,4,28,27,nan,nan,0.13
5/4/2023 23:04:31,1.16.3,PRexp,2,4.15,nan,77,Left,Left,649,4,28,27,nan,nan,0.08
5/4/2023 23:04:35,1.16.3,PRexp,2,4.16,nan,77,Left,Left,650,4,28,27,nan,nan,0.25
5/4/2023 23:04:36,1.16.3,PRexp,2,4.16,nan,77,Left,Left,651,4,28,27,nan,nan,0.00
5/4/2023 23:04:37,1.16.3,PRexp,2,4.15,nan,77,Left,Left,652,4,28,27,nan,nan,0.52
5/4/2023 23:04:40,1.16.3,PRexp,2,4.15,nan,77,Left,Left,653,4,28,27,nan,nan,0.08
5/4/2023 23:04:41,1.16.3,PRexp,2,4.15,nan,77,Left,Left,654,4,28,27,nan,nan,0.03
5/4/2023 23:04:43,1.16.3,PRexp,2,4.15,nan,77,Left,Left,655,4,28,27,nan,nan,0.02
5/4/2023 23:04:45,1.16.3,PRexp,2,4.15,nan,77,Left,Left,656,4,28,27,nan,nan,0.04
5/4/2023 23:04:49,1.16.3,PRexp,2,4.16,nan,77,Left,Left,657,4,28,27,nan,nan,0.86
5/4/2023 23:04:50,1.16.3,PRexp,2,4.15,nan,77,Left,Left,658,4,28,27,nan,nan,0.18
5/4/2023 23:04:52,1.16.3,PRexp,2,4.16,nan,77,Left,Left,659,4,28,27,nan,nan,0.09
5/4/2023 23:04:57,1.16.3,PRexp,2,4.15,nan,77,Left,Left,660,4,28,27,nan,nan,3.22
5/4/2023 23:05:02,1.16.3,PRexp,2,4.15,nan,77,Left,Left,661,4,28,27,nan,nan,0.04
5/4/2023 23:05:06,1.16.3,PRexp,2,4.16,nan,77,Left,Left,662,4,28,27,nan,nan,0.07
5/4/2023 23:05:08,1.16.3,PRexp,2,4.15,nan,77,Left,Left,663,4,28,27,nan,nan,0.17
5/4/2023 23:05:10,1.16.3,PRexp,2,4.15,nan,77,Left,Left,664,4,28,27,nan,nan,0.07
5/4/2023 23:05:14,1.16.3,PRexp,2,4.15,nan,77,Left,Left,665,4,28,27,nan,nan,1.30
5/4/2023 23:05:15,1.16.3,PRexp,2,4.15,nan,77,Left,Left,666,4,28,27,nan,nan,0.00
5/4/2023 23:05:18,1.16.3,PRexp,2,4.16,nan,77,Left,Left,667,4,28,27,nan,nan,0.89
5/4/2023 23:05:19,1.16.3,PRexp,2,4.15,nan,77,Left,Left,668,4,28,27,nan,nan,0.39
5/4/2023 23:05:22,1.16.3,PRexp,2,4.16,nan,77,Left,Left,669,4,28,27,nan,nan,2.23
5/4/2023 23:05:28,1.16.3,PRexp,2,4.15,nan,77,Left,Left,670,4,28,27,nan,nan,0.54
5/4/2023 23:05:32,1.16.3,PRexp,2,4.16,nan,77,Left,Left,671,4,28,27,nan,nan,2.61
5/4/2023 23:05:34,1.16.3,PRexp,2,4.16,nan,77,Left,Left,672,4,28,27,nan,nan,0.03
5/4/2023 23:05:37,1.16.3,PRexp,2,4.16,2,77,Pellet,Left,672,4,29,28,0.13,1383,nan
5/4/2023 23:07:16,1.16.3,PRexp,2,4.15,nan,86,Left,Left,673,4,29,28,nan,nan,0.14
5/4/2023 23:07:18,1.16.3,PRexp,2,4.15,nan,86,Left,Left,674,4,29,28,nan,nan,0.15
5/4/2023 23:07:19,1.16.3,PRexp,2,4.15,nan,86,Left,Left,675,4,29,28,nan,nan,0.12
5/4/2023 23:07:20,1.16.3,PRexp,2,4.15,nan,86,Left,Left,676,4,29,28,nan,nan,0.14
5/4/2023 23:07:21,1.16.3,PRexp,2,4.16,nan,86,Left,Left,677,4,29,28,nan,nan,0.37
5/4/2023 23:07:22,1.16.3,PRexp,2,4.15,nan,86,Left,Left,678,4,29,28,nan,nan,0.28
5/4/2023 23:07:23,1.16.3,PRexp,2,4.15,nan,86,Left,Left,679,4,29,28,nan,nan,0.28
5/4/2023 23:07:25,1.16.3,PRexp,2,4.16,nan,86,Left,Left,680,4,29,28,nan,nan,0.56
5/4/2023 23:07:27,1.16.3,PRexp,2,4.15,nan,86,Left,Left,681,4,29,28,nan,nan,0.46
5/4/2023 23:07:30,1.16.3,PRexp,2,4.15,nan,86,Left,Left,682,4,29,28,nan,nan,0.33
5/4/2023 23:07:31,1.16.3,PRexp,2,4.15,nan,86,Left,Left,683,4,29,28,nan,nan,0.41
5/4/2023 23:07:32,1.16.3,PRexp,2,4.15,nan,86,Left,Left,684,4,29,28,nan,nan,0.36
5/4/2023 23:07:34,1.16.3,PRexp,2,4.16,nan,86,Left,Left,685,4,29,28,nan,nan,0.10
5/4/2023 23:07:36,1.16.3,PRexp,2,4.16,nan,86,Left,Left,686,4,29,28,nan,nan,0.36
5/4/2023 23:07:38,1.16.3,PRexp,2,4.16,nan,86,Left,Left,687,4,29,28,nan,nan,0.56
5/4/2023 23:07:41,1.16.3,PRexp,2,4.16,nan,86,Left,Left,688,4,29,28,nan,nan,0.47
5/4/2023 23:07:42,1.16.3,PRexp,2,4.15,nan,86,Left,Left,689,4,29,28,nan,nan,0.17
5/4/2023 23:07:44,1.16.3,PRexp,2,4.15,nan,86,Left,Left,690,4,29,28,nan,nan,0.44
5/4/2023 23:07:46,1.16.3,PRexp,2,4.16,nan,86,Left,Left,691,4,29,28,nan,nan,0.09
5/4/2023 23:07:48,1.16.3,PRexp,2,4.16,nan,86,Left,Left,692,4,29,28,nan,nan,0.34
5/4/2023 23:07:49,1.16.3,PRexp,2,4.15,nan,86,Left,Left,693,4,29,28,nan,nan,0.07
5/4/2023 23:07:50,1.16.3,PRexp,2,4.16,nan,86,Left,Left,694,4,29,28,nan,nan,0.07
5/4/2023 23:07:52,1.16.3,PRexp,2,4.16,nan,86,Left,Left,695,4,29,28,nan,nan,0.22
5/4/2023 23:07:54,1.16.3,PRexp,2,4.15,nan,86,Left,Left,696,4,29,28,nan,nan,0.36
5/4/2023 23:07:55,1.16.3,PRexp,2,4.16,nan,86,Left,Left,697,4,29,28,nan,nan,0.39
5/4/2023 23:07:56,1.16.3,PRexp,2,4.15,nan,86,Left,Left,698,4,29,28,nan,nan,0.31
5/4/2023 23:07:58,1.16.3,PRexp,2,4.16,nan,86,Left,Left,699,4,29,28,nan,nan,0.05
5/4/2023 23:07:59,1.16.3,PRexp,2,4.15,nan,86,Left,Left,700,4,29,28,nan,nan,0.22
5/4/2023 23:08:01,1.16.3,PRexp,2,4.16,nan,86,Left,Left,701,4,29,28,nan,nan,0.61
5/4/2023 23:08:02,1.16.3,PRexp,2,4.15,nan,86,Left,Left,702,4,29,28,nan,nan,0.18
5/4/2023 23:08:04,1.16.3,PRexp,2,4.15,nan,86,Left,Left,703,4,29,28,nan,nan,0.50
5/4/2023 23:08:05,1.16.3,PRexp,2,4.15,nan,86,Left,Left,704,4,29,28,nan,nan,0.16
5/4/2023 23:08:08,1.16.3,PRexp,2,4.15,nan,86,Left,Left,705,4,29,28,nan,nan,0.43
5/4/2023 23:08:09,1.16.3,PRexp,2,4.16,nan,86,Left,Left,706,4,29,28,nan,nan,0.03
5/4/2023 23:08:11,1.16.3,PRexp,2,4.16,nan,86,Left,Left,707,4,29,28,nan,nan,0.29
5/4/2023 23:08:14,1.16.3,PRexp,2,4.15,nan,86,Left,Left,708,4,29,28,nan,nan,0.44
5/4/2023 23:08:15,1.16.3,PRexp,2,4.15,nan,86,Left,Left,709,4,29,28,nan,nan,0.31
5/4/2023 23:08:18,1.16.3,PRexp,2,4.16,nan,86,Left,Left,710,4,29,28,nan,nan,0.15
5/4/2023 23:08:19,1.16.3,PRexp,2,4.16,nan,86,Left,Left,711,4,29,28,nan,nan,0.28
5/4/2023 23:08:22,1.16.3,PRexp,2,4.15,nan,86,Left,Left,712,4,29,28,nan,nan,0.63
5/4/2023 23:08:25,1.16.3,PRexp,2,4.16,nan,86,Left,Left,713,4,29,28,nan,nan,0.23
5/4/2023 23:08:26,1.16.3,PRexp,2,4.15,nan,86,Left,Left,714,4,29,28,nan,nan,0.15
5/4/2023 23:08:31,1.16.3,PRexp,2,4.16,nan,86,Left,Left,715,4,29,28,nan,nan,0.18
5/4/2023 23:08:32,1.16.3,PRexp,2,4.16,nan,86,Left,Left,716,4,29,28,nan,nan,0.10
5/4/2023 23:08:37,1.16.3,PRexp,2,4.16,nan,86,Left,Left,717,4,29,28,nan,nan,0.17
5/4/2023 23:09:49,1.16.3,PRexp,2,4.15,nan,86,Left,Left,718,4,29,28,nan,nan,0.15
5/4/2023 23:12:05,1.16.3,PRexp,2,4.15,nan,86,Left,Left,719,4,29,28,nan,nan,0.09
5/4/2023 23:12:08,1.16.3,PRexp,2,4.16,nan,86,Left,Left,720,4,29,28,nan,nan,0.13
5/4/2023 23:12:10,1.16.3,PRexp,2,4.15,nan,86,Left,Left,721,4,29,28,nan,nan,0.35
5/4/2023 23:12:10,1.16.3,PRexp,2,4.15,nan,86,Left,Left,722,4,29,28,nan,nan,0.00
5/4/2023 23:12:11,1.16.3,PRexp,2,4.15,nan,86,Left,Left,723,4,29,28,nan,nan,0.08
5/4/2023 23:12:13,1.16.3,PRexp,2,4.15,nan,86,Left,Left,724,4,29,28,nan,nan,0.00
5/4/2023 23:12:14,1.16.3,PRexp,2,4.15,nan,86,Left,Left,725,4,29,28,nan,nan,0.27
5/4/2023 23:12:15,1.16.3,PRexp,2,4.15,nan,86,Left,Left,726,4,29,28,nan,nan,0.00
5/4/2023 23:12:16,1.16.3,PRexp,2,4.16,nan,86,Left,Left,727,4,29,28,nan,nan,0.48
5/4/2023 23:12:18,1.16.3,PRexp,2,4.15,nan,86,Left,Left,728,4,29,28,nan,nan,0.61
5/4/2023 23:12:20,1.16.3,PRexp,2,4.15,nan,86,Left,Left,729,4,29,28,nan,nan,0.57
5/4/2023 23:12:21,1.16.3,PRexp,2,4.16,nan,86,Left,Left,730,4,29,28,nan,nan,0.16
5/4/2023 23:12:23,1.16.3,PRexp,2,4.15,nan,86,Left,Left,731,4,29,28,nan,nan,0.37
5/4/2023 23:12:29,1.16.3,PRexp,2,4.16,nan,86,Left,Left,732,4,29,28,nan,nan,0.00
5/4/2023 23:16:55,1.16.3,PRexp,2,4.15,nan,86,Left,Left,733,4,29,28,nan,nan,0.22
5/4/2023 23:16:57,1.16.3,PRexp,2,4.16,nan,86,Left,Left,734,4,29,28,nan,nan,0.09
5/4/2023 23:16:59,1.16.3,PRexp,2,4.15,nan,86,Left,Left,735,4,29,28,nan,nan,0.84
5/4/2023 23:17:01,1.16.3,PRexp,2,4.15,nan,86,Left,Left,736,4,29,28,nan,nan,1.20
5/4/2023 23:17:03,1.16.3,PRexp,2,4.16,nan,86,Left,Left,737,4,29,28,nan,nan,0.45
5/4/2023 23:18:29,1.16.3,PRexp,2,4.16,nan,86,Right,Left,737,5,29,28,nan,nan,0.62
5/4/2023 23:18:34,1.16.3,PRexp,2,4.15,nan,86,Left,Left,738,5,29,28,nan,nan,0.17
5/4/2023 23:18:36,1.16.3,PRexp,2,4.14,nan,86,Left,Left,739,5,29,28,nan,nan,0.16
5/4/2023 23:18:39,1.16.3,PRexp,2,4.16,nan,86,Left,Left,740,5,29,28,nan,nan,0.24
5/4/2023 23:18:40,1.16.3,PRexp,2,4.16,nan,86,Left,Left,741,5,29,28,nan,nan,0.07
5/4/2023 23:18:46,1.16.3,PRexp,2,4.15,nan,86,Left,Left,742,5,29,28,nan,nan,0.47
5/4/2023 23:18:47,1.16.3,PRexp,2,4.16,nan,86,Left,Left,743,5,29,28,nan,nan,0.01
5/4/2023 23:18:48,1.16.3,PRexp,2,4.15,nan,86,Left,Left,744,5,29,28,nan,nan,0.00
5/4/2023 23:18:49,1.16.3,PRexp,2,4.15,nan,86,Left,Left,745,5,29,28,nan,nan,0.18
5/4/2023 23:18:50,1.16.3,PRexp,2,4.15,nan,86,Left,Left,746,5,29,28,nan,nan,0.25
5/4/2023 23:18:51,1.16.3,PRexp,2,4.16,nan,86,Left,Left,747,5,29,28,nan,nan,0.10
5/4/2023 23:18:53,1.16.3,PRexp,2,4.15,nan,86,Left,Left,748,5,29,28,nan,nan,0.04
5/4/2023 23:18:54,1.16.3,PRexp,2,4.15,nan,86,Left,Left,749,5,29,28,nan,nan,0.14
5/4/2023 23:18:55,1.16.3,PRexp,2,4.15,nan,86,Left,Left,750,5,29,28,nan,nan,0.44
5/4/2023 23:18:59,1.16.3,PRexp,2,4.16,nan,86,Left,Left,751,5,29,28,nan,nan,0.22
5/4/2023 23:19:00,1.16.3,PRexp,2,4.15,nan,86,Left,Left,752,5,29,28,nan,nan,0.21
5/4/2023 23:19:03,1.16.3,PRexp,2,4.16,nan,86,Left,Left,753,5,29,28,nan,nan,0.13
5/4/2023 23:19:05,1.16.3,PRexp,2,4.16,nan,86,Left,Left,754,5,29,28,nan,nan,0.31
5/4/2023 23:19:08,1.16.3,PRexp,2,4.15,nan,86,Left,Left,755,5,29,28,nan,nan,0.55
5/4/2023 23:19:09,1.16.3,PRexp,2,4.15,nan,86,Left,Left,756,5,29,28,nan,nan,0.36
5/4/2023 23:19:11,1.16.3,PRexp,2,4.15,nan,86,Left,Left,757,5,29,28,nan,nan,0.40
5/4/2023 23:19:12,1.16.3,PRexp,2,4.16,nan,86,Left,Left,758,5,29,28,nan,nan,0.49
5/4/2023 23:19:13,1.16.3,PRexp,2,4.15,1,86,Pellet,Left,758,5,30,29,0.13,816,nan
5/4/2023 23:19:46,1.16.3,PRexp,2,4.16,nan,95,Right,Left,758,6,30,29,nan,nan,1.73
5/4/2023 23:19:51,1.16.3,PRexp,2,4.15,nan,95,Right,Left,758,7,30,29,nan,nan,1.68
5/4/2023 23:20:14,1.16.3,PRexp,2,4.14,nan,95,Right,Left,758,8,30,29,nan,nan,0.10
5/4/2023 23:20:15,1.16.3,PRexp,2,4.15,nan,95,Right,Left,758,9,30,29,nan,nan,0.11
5/4/2023 23:20:32,1.16.3,PRexp,2,4.16,nan,95,Right,Left,758,10,30,29,nan,nan,0.09
5/4/2023 23:20:33,1.16.3,PRexp,2,4.15,nan,95,Right,Left,758,11,30,29,nan,nan,0.06
5/4/2023 23:20:34,1.16.3,PRexp,2,4.15,nan,95,Right,Left,758,12,30,29,nan,nan,0.18
5/4/2023 23:20:36,1.16.3,PRexp,2,4.16,nan,95,Right,Left,758,13,30,29,nan,nan,0.23
5/4/2023 23:20:37,1.16.3,PRexp,2,4.15,nan,95,Right,Left,758,14,30,29,nan,nan,0.00
5/4/2023 23:20:42,1.16.3,PRexp,2,4.15,nan,95,Right,Left,758,15,30,29,nan,nan,0.10
5/4/2023 23:20:44,1.16.3,PRexp,2,4.15,nan,95,Right,Left,758,16,30,29,nan,nan,0.09
5/4/2023 23:20:45,1.16.3,PRexp,2,4.15,nan,95,Right,Left,758,17,30,29,nan,nan,0.24
5/4/2023 23:20:46,1.16.3,PRexp,2,4.15,nan,95,Right,Left,758,18,30,29,nan,nan,0.00
5/4/2023 23:20:48,1.16.3,PRexp,2,4.15,nan,95,Right,Left,758,19,30,29,nan,nan,0.00
5/4/2023 23:20:50,1.16.3,PRexp,2,4.15,nan,95,Right,Left,758,20,30,29,nan,nan,0.55
5/4/2023 23:20:50,1.16.3,PRexp,2,4.15,nan,95,Right,Left,758,21,30,29,nan,nan,0.05
5/4/2023 23:20:52,1.16.3,PRexp,2,4.15,nan,95,Right,Left,758,22,30,29,nan,nan,0.38
5/4/2023 23:20:55,1.16.3,PRexp,2,4.15,nan,95,Right,Left,758,23,30,29,nan,nan,0.09
5/4/2023 23:20:56,1.16.3,PRexp,2,4.15,nan,95,Right,Left,758,24,30,29,nan,nan,0.00
5/4/2023 23:21:00,1.16.3,PRexp,2,4.16,nan,95,Right,Left,758,25,30,29,nan,nan,0.54
5/4/2023 23:21:01,1.16.3,PRexp,2,4.15,nan,95,Right,Left,758,26,30,29,nan,nan,0.00
5/4/2023 23:21:09,1.16.3,PRexp,2,4.15,nan,95,Left,Left,759,26,30,29,nan,nan,0.04
5/4/2023 23:21:11,1.16.3,PRexp,2,4.15,nan,95,Left,Left,760,26,30,29,nan,nan,0.19
5/4/2023 23:21:14,1.16.3,PRexp,2,4.16,nan,95,Left,Left,761,26,30,29,nan,nan,0.22
5/4/2023 23:21:37,1.16.3,PRexp,2,4.16,nan,95,Left,Left,762,26,30,29,nan,nan,0.06
5/4/2023 23:21:39,1.16.3,PRexp,2,4.16,nan,95,Left,Left,763,26,30,29,nan,nan,0.35
5/4/2023 23:21:40,1.16.3,PRexp,2,4.15,nan,95,Left,Left,764,26,30,29,nan,nan,0.52
5/4/2023 23:21:42,1.16.3,PRexp,2,4.16,nan,95,Left,Left,765,26,30,29,nan,nan,0.17
5/4/2023 23:21:45,1.16.3,PRexp,2,4.16,nan,95,Left,Left,766,26,30,29,nan,nan,0.17
5/4/2023 23:22:59,1.16.3,PRexp,2,4.15,nan,95,Left,Left,767,26,30,29,nan,nan,0.03
5/4/2023 23:23:01,1.16.3,PRexp,2,4.16,nan,95,Left,Left,768,26,30,29,nan,nan,0.00
5/4/2023 23:23:02,1.16.3,PRexp,2,4.15,nan,95,Left,Left,769,26,30,29,nan,nan,0.04
5/4/2023 23:23:05,1.16.3,PRexp,2,4.15,nan,95,Left,Left,770,26,30,29,nan,nan,0.18
5/4/2023 23:23:10,1.16.3,PRexp,2,4.16,nan,95,Left,Left,771,26,30,29,nan,nan,0.50
5/4/2023 23:23:11,1.16.3,PRexp,2,4.16,nan,95,Left,Left,772,26,30,29,nan,nan,0.17
5/4/2023 23:23:15,1.16.3,PRexp,2,4.16,nan,95,Left,Left,773,26,30,29,nan,nan,0.04
5/4/2023 23:23:19,1.16.3,PRexp,2,4.15,nan,95,Left,Left,774,26,30,29,nan,nan,0.38
5/4/2023 23:23:23,1.16.3,PRexp,2,4.15,nan,95,Left,Left,775,26,30,29,nan,nan,0.09
5/4/2023 23:23:25,1.16.3,PRexp,2,4.16,nan,95,Left,Left,776,26,30,29,nan,nan,0.09
5/4/2023 23:23:26,1.16.3,PRexp,2,4.15,nan,95,Left,Left,777,26,30,29,nan,nan,0.23
5/4/2023 23:23:28,1.16.3,PRexp,2,4.16,nan,95,Left,Left,778,26,30,29,nan,nan,0.36
5/4/2023 23:23:30,1.16.3,PRexp,2,4.15,nan,95,Left,Left,779,26,30,29,nan,nan,0.38
5/4/2023 23:23:32,1.16.3,PRexp,2,4.16,nan,95,Left,Left,780,26,30,29,nan,nan,0.28
5/4/2023 23:23:33,1.16.3,PRexp,2,4.16,nan,95,Left,Left,781,26,30,29,nan,nan,0.40
5/4/2023 23:23:36,1.16.3,PRexp,2,4.15,nan,95,Left,Left,782,26,30,29,nan,nan,0.16
5/4/2023 23:23:40,1.16.3,PRexp,2,4.15,nan,95,Left,Left,783,26,30,29,nan,nan,0.11
5/4/2023 23:23:41,1.16.3,PRexp,2,4.15,nan,95,Left,Left,784,26,30,29,nan,nan,0.17
5/4/2023 23:23:42,1.16.3,PRexp,2,4.15,nan,95,Left,Left,785,26,30,29,nan,nan,0.27
5/4/2023 23:23:43,1.16.3,PRexp,2,4.14,nan,95,Left,Left,786,26,30,29,nan,nan,0.19
5/4/2023 23:23:44,1.16.3,PRexp,2,4.15,nan,95,Left,Left,787,26,30,29,nan,nan,0.08
5/4/2023 23:23:47,1.16.3,PRexp,2,4.15,nan,95,Left,Left,788,26,30,29,nan,nan,0.78
5/4/2023 23:23:49,1.16.3,PRexp,2,4.15,nan,95,Left,Left,789,26,30,29,nan,nan,0.59
5/4/2023 23:23:53,1.16.3,PRexp,2,4.15,nan,95,Left,Left,790,26,30,29,nan,nan,1.00
5/4/2023 23:23:54,1.16.3,PRexp,2,4.15,nan,95,Left,Left,791,26,30,29,nan,nan,0.57
5/4/2023 23:23:56,1.16.3,PRexp,2,4.15,nan,95,Left,Left,792,26,30,29,nan,nan,0.52
5/4/2023 23:23:57,1.16.3,PRexp,2,4.16,nan,95,Left,Left,793,26,30,29,nan,nan,0.31
5/4/2023 23:23:59,1.16.3,PRexp,2,4.15,nan,95,Left,Left,794,26,30,29,nan,nan,0.26
5/4/2023 23:24:01,1.16.3,PRexp,2,4.16,nan,95,Left,Left,795,26,30,29,nan,nan,0.83
5/4/2023 23:24:02,1.16.3,PRexp,2,4.15,nan,95,Left,Left,796,26,30,29,nan,nan,0.00
5/4/2023 23:24:03,1.16.3,PRexp,2,4.15,nan,95,Left,Left,797,26,30,29,nan,nan,0.42
5/4/2023 23:24:04,1.16.3,PRexp,2,4.15,nan,95,Left,Left,798,26,30,29,nan,nan,0.19
5/4/2023 23:24:05,1.16.3,PRexp,2,4.15,nan,95,Left,Left,799,26,30,29,nan,nan,0.00
5/4/2023 23:24:07,1.16.3,PRexp,2,4.15,nan,95,Left,Left,800,26,30,29,nan,nan,0.46
5/4/2023 23:24:09,1.16.3,PRexp,2,4.15,nan,95,Left,Left,801,26,30,29,nan,nan,0.76
5/4/2023 23:24:11,1.16.3,PRexp,2,4.16,nan,95,Left,Left,802,26,30,29,nan,nan,1.69
5/4/2023 23:24:14,1.16.3,PRexp,2,4.16,nan,95,Left,Left,803,26,30,29,nan,nan,0.00
5/4/2023 23:24:18,1.16.3,PRexp,2,4.16,nan,95,Left,Left,804,26,30,29,nan,nan,2.52
5/4/2023 23:24:19,1.16.3,PRexp,2,4.15,nan,95,Left,Left,805,26,30,29,nan,nan,0.19
5/4/2023 23:24:22,1.16.3,PRexp,2,4.16,nan,95,Left,Left,806,26,30,29,nan,nan,2.27
5/4/2023 23:24:24,1.16.3,PRexp,2,4.16,nan,95,Left,Left,807,26,30,29,nan,nan,0.24
5/4/2023 23:24:26,1.16.3,PRexp,2,4.16,nan,95,Left,Left,808,26,30,29,nan,nan,0.17
5/4/2023 23:24:27,1.16.3,PRexp,2,4.15,nan,95,Left,Left,809,26,30,29,nan,nan,0.00
5/4/2023 23:24:29,1.16.3,PRexp,2,4.16,nan,95,Left,Left,810,26,30,29,nan,nan,0.18
5/4/2023 23:24:31,1.16.3,PRexp,2,4.15,nan,95,Left,Left,811,26,30,29,nan,nan,0.26
5/4/2023 23:24:34,1.16.3,PRexp,2,4.15,nan,95,Left,Left,812,26,30,29,nan,nan,0.65
5/4/2023 23:24:36,1.16.3,PRexp,2,4.15,nan,95,Left,Left,813,26,30,29,nan,nan,0.96
5/4/2023 23:24:38,1.16.3,PRexp,2,4.16,nan,95,Left,Left,814,26,30,29,nan,nan,0.76
5/4/2023 23:24:41,1.16.3,PRexp,2,4.16,nan,95,Left,Left,815,26,30,29,nan,nan,0.21
5/4/2023 23:24:43,1.16.3,PRexp,2,4.16,nan,95,Left,Left,816,26,30,29,nan,nan,0.19
5/4/2023 23:24:44,1.16.3,PRexp,2,4.15,nan,95,Left,Left,817,26,30,29,nan,nan,0.26
5/4/2023 23:24:57,1.16.3,PRexp,2,4.15,nan,95,Right,Left,817,27,30,29,nan,nan,0.67
5/4/2023 23:25:55,1.16.3,PRexp,2,4.16,nan,95,Left,Left,818,27,30,29,nan,nan,0.16
5/4/2023 23:26:03,1.16.3,PRexp,2,4.15,nan,95,Left,Left,819,27,30,29,nan,nan,0.00
5/4/2023 23:26:03,1.16.3,PRexp,2,4.15,nan,95,Right,Left,819,28,30,29,nan,nan,0.00
5/4/2023 23:32:08,1.16.3,PRexp,2,4.16,nan,95,Left,Left,820,28,30,29,nan,nan,0.04
5/4/2023 23:32:09,1.16.3,PRexp,2,4.15,nan,95,Left,Left,821,28,30,29,nan,nan,0.03
5/4/2023 23:32:10,1.16.3,PRexp,2,4.15,nan,95,Left,Left,822,28,30,29,nan,nan,0.15
5/4/2023 23:36:08,1.16.3,PRexp,2,4.15,nan,95,Left,Left,823,28,30,29,nan,nan,0.07
5/4/2023 23:36:09,1.16.3,PRexp,2,4.15,nan,95,Left,Left,824,28,30,29,nan,nan,0.18
5/4/2023 23:36:11,1.16.3,PRexp,2,4.15,nan,95,Left,Left,825,28,30,29,nan,nan,0.41
5/4/2023 23:36:13,1.16.3,PRexp,2,4.15,nan,95,Left,Left,826,28,30,29,nan,nan,0.10
5/4/2023 23:36:14,1.16.3,PRexp,2,4.15,nan,95,Left,Left,827,28,30,29,nan,nan,0.10
5/4/2023 23:36:16,1.16.3,PRexp,2,4.15,nan,95,Left,Left,828,28,30,29,nan,nan,0.16
5/4/2023 23:36:18,1.16.3,PRexp,2,4.15,nan,95,Left,Left,829,28,30,29,nan,nan,0.28
5/4/2023 23:36:20,1.16.3,PRexp,2,4.15,nan,95,Left,Left,830,28,30,29,nan,nan,0.25
5/4/2023 23:36:22,1.16.3,PRexp,2,4.16,nan,95,Left,Left,831,28,30,29,nan,nan,0.27
5/4/2023 23:36:23,1.16.3,PRexp,2,4.15,nan,95,Left,Left,832,28,30,29,nan,nan,0.26
5/4/2023 23:36:25,1.16.3,PRexp,2,4.15,nan,95,Left,Left,833,28,30,29,nan,nan,0.15
5/4/2023 23:58:59,1.16.3,PRexp,2,4.16,nan,95,Left,Left,834,28,30,29,nan,nan,0.01
5/4/2023 23:59:12,1.16.3,PRexp,2,4.15,nan,95,Left,Left,835,28,30,29,nan,nan,0.02
5/4/2023 23:59:14,1.16.3,PRexp,2,4.15,nan,95,Left,Left,836,28,30,29,nan,nan,0.01
5/4/2023 23:59:16,1.16.3,PRexp,2,4.14,nan,95,Left,Left,837,28,30,29,nan,nan,0.56
5/4/2023 23:59:18,1.16.3,PRexp,2,4.15,nan,95,Left,Left,838,28,30,29,nan,nan,0.55
5/4/2023 23:59:23,1.16.3,PRexp,2,4.15,nan,95,Left,Left,839,28,30,29,nan,nan,0.75
5/4/2023 23:59:25,1.16.3,PRexp,2,4.15,nan,95,Left,Left,840,28,30,29,nan,nan,0.10
5/4/2023 23:59:25,1.16.3,PRexp,2,4.15,nan,95,Left,Left,841,28,30,29,nan,nan,0.00
5/4/2023 23:59:26,1.16.3,PRexp,2,4.15,nan,95,Left,Left,842,28,30,29,nan,nan,0.13
5/4/2023 23:59:28,1.16.3,PRexp,2,4.15,nan,95,Left,Left,843,28,30,29,nan,nan,0.01
5/4/2023 23:59:30,1.16.3,PRexp,2,4.15,nan,95,Left,Left,844,28,30,29,nan,nan,0.63
5/4/2023 23:59:32,1.16.3,PRexp,2,4.15,nan,95,Left,Left,845,28,30,29,nan,nan,0.55
5/4/2023 23:59:33,1.16.3,PRexp,2,4.15,nan,95,Left,Left,846,28,30,29,nan,nan,0.19
5/4/2023 23:59:35,1.16.3,PRexp,2,4.15,nan,95,Left,Left,847,28,30,29,nan,nan,0.03
5/4/2023 23:59:36,1.16.3,PRexp,2,4.15,nan,95,Left,Left,848,28,30,29,nan,nan,0.48
5/4/2023 23:59:38,1.16.3,PRexp,2,4.14,nan,95,Left,Left,849,28,30,29,nan,nan,0.19
5/4/2023 23:59:39,1.16.3,PRexp,2,4.15,nan,95,Left,Left,850,28,30,29,nan,nan,0.12
5/4/2023 23:59:40,1.16.3,PRexp,2,4.15,nan,95,Left,Left,851,28,30,29,nan,nan,0.16
5/4/2023 23:59:41,1.16.3,PRexp,2,4.16,nan,95,Left,Left,852,28,30,29,nan,nan,0.12
5/4/2023 23:59:43,1.16.3,PRexp,2,4.15,nan,95,Left,Left,853,28,30,29,nan,nan,0.12
5/4/2023 23:59:44,1.16.3,PRexp,2,4.15,1,95,Pellet,Left,853,28,31,30,0.68,2431,nan
5/5/2023 0:00:17,1.16.3,PRexp,2,4.15,nan,106,Left,Left,854,28,31,30,nan,nan,0.04
5/5/2023 0:00:19,1.16.3,PRexp,2,4.15,nan,106,Left,Left,855,28,31,30,nan,nan,0.09
5/5/2023 0:00:20,1.16.3,PRexp,2,4.15,nan,106,Left,Left,856,28,31,30,nan,nan,0.14
5/5/2023 0:00:22,1.16.3,PRexp,2,4.15,nan,106,Left,Left,857,28,31,30,nan,nan,0.12
5/5/2023 0:00:23,1.16.3,PRexp,2,4.15,nan,106,Left,Left,858,28,31,30,nan,nan,0.00
5/5/2023 0:00:25,1.16.3,PRexp,2,4.15,nan,106,Left,Left,859,28,31,30,nan,nan,0.69
5/5/2023 0:00:26,1.16.3,PRexp,2,4.15,nan,106,Left,Left,860,28,31,30,nan,nan,0.24
5/5/2023 0:00:28,1.16.3,PRexp,2,4.16,nan,106,Left,Left,861,28,31,30,nan,nan,0.04
5/5/2023 0:00:30,1.16.3,PRexp,2,4.14,nan,106,Left,Left,862,28,31,30,nan,nan,0.13
5/5/2023 0:00:32,1.16.3,PRexp,2,4.15,nan,106,Left,Left,863,28,31,30,nan,nan,0.31
5/5/2023 0:00:32,1.16.3,PRexp,2,4.15,nan,106,Left,Left,864,28,31,30,nan,nan,0.21
5/5/2023 0:00:33,1.16.3,PRexp,2,4.15,nan,106,Left,Left,865,28,31,30,nan,nan,0.00
5/5/2023 0:00:34,1.16.3,PRexp,2,4.15,nan,106,Left,Left,866,28,31,30,nan,nan,0.00
5/5/2023 0:00:36,1.16.3,PRexp,2,4.15,nan,106,Left,Left,867,28,31,30,nan,nan,0.06
5/5/2023 0:00:37,1.16.3,PRexp,2,4.15,nan,106,Left,Left,868,28,31,30,nan,nan,0.00
5/5/2023 0:00:39,1.16.3,PRexp,2,4.15,nan,106,Left,Left,869,28,31,30,nan,nan,1.09
5/5/2023 0:00:40,1.16.3,PRexp,2,4.15,nan,106,Left,Left,870,28,31,30,nan,nan,0.28
5/5/2023 0:00:41,1.16.3,PRexp,2,4.15,nan,106,Left,Left,871,28,31,30,nan,nan,0.17
5/5/2023 0:00:43,1.16.3,PRexp,2,4.15,nan,106,Left,Left,872,28,31,30,nan,nan,0.03
5/5/2023 0:00:45,1.16.3,PRexp,2,4.15,nan,106,Left,Left,873,28,31,30,nan,nan,0.02
5/5/2023 0:00:47,1.16.3,PRexp,2,4.15,nan,106,Left,Left,874,28,31,30,nan,nan,0.03
5/5/2023 0:00:50,1.16.3,PRexp,2,4.15,nan,106,Left,Left,875,28,31,30,nan,nan,0.68
5/5/2023 0:00:51,1.16.3,PRexp,2,4.14,nan,106,Left,Left,876,28,31,30,nan,nan,0.16
5/5/2023 0:03:53,1.16.3,PRexp,2,4.16,nan,106,Left,Left,877,28,31,30,nan,nan,0.08
5/5/2023 0:03:54,1.16.3,PRexp,2,4.15,nan,106,Left,Left,878,28,31,30,nan,nan,0.13
5/5/2023 0:03:55,1.16.3,PRexp,2,4.15,nan,106,Left,Left,879,28,31,30,nan,nan,0.21
5/5/2023 0:03:56,1.16.3,PRexp,2,4.15,nan,106,Left,Left,880,28,31,30,nan,nan,0.04
5/5/2023 0:03:57,1.16.3,PRexp,2,4.15,nan,106,Left,Left,881,28,31,30,nan,nan,0.12
5/5/2023 0:04:05,1.16.3,PRexp,2,4.14,nan,106,Left,Left,882,28,31,30,nan,nan,0.04
5/5/2023 0:04:08,1.16.3,PRexp,2,4.15,nan,106,Left,Left,883,28,31,30,nan,nan,0.03
5/5/2023 0:04:10,1.16.3,PRexp,2,4.15,nan,106,Left,Left,884,28,31,30,nan,nan,0.07
5/5/2023 0:04:11,1.16.3,PRexp,2,4.14,nan,106,Left,Left,885,28,31,30,nan,nan,0.10
5/5/2023 0:04:13,1.16.3,PRexp,2,4.15,nan,106,Left,Left,886,28,31,30,nan,nan,0.09
5/5/2023 0:04:19,1.16.3,PRexp,2,4.15,nan,106,Left,Left,887,28,31,30,nan,nan,0.00
5/5/2023 0:04:20,1.16.3,PRexp,2,4.15,nan,106,Left,Left,888,28,31,30,nan,nan,0.12
5/5/2023 0:04:22,1.16.3,PRexp,2,4.15,nan,106,Left,Left,889,28,31,30,nan,nan,0.12
5/5/2023 0:04:23,1.16.3,PRexp,2,4.15,nan,106,Left,Left,890,28,31,30,nan,nan,0.23
5/5/2023 0:04:24,1.16.3,PRexp,2,4.15,nan,106,Left,Left,891,28,31,30,nan,nan,0.06
5/5/2023 0:04:25,1.16.3,PRexp,2,4.15,nan,106,Left,Left,892,28,31,30,nan,nan,0.02
5/5/2023 0:04:27,1.16.3,PRexp,2,4.15,nan,106,Left,Left,893,28,31,30,nan,nan,0.09
5/5/2023 0:04:29,1.16.3,PRexp,2,4.15,nan,106,Left,Left,894,28,31,30,nan,nan,0.77
5/5/2023 0:04:30,1.16.3,PRexp,2,4.15,nan,106,Left,Left,895,28,31,30,nan,nan,0.01
5/5/2023 0:04:32,1.16.3,PRexp,2,4.15,nan,106,Left,Left,896,28,31,30,nan,nan,0.34
5/5/2023 0:04:33,1.16.3,PRexp,2,4.15,nan,106,Left,Left,897,28,31,30,nan,nan,0.09
5/5/2023 0:04:34,1.16.3,PRexp,2,4.15,nan,106,Left,Left,898,28,31,30,nan,nan,0.02
5/5/2023 0:04:35,1.16.3,PRexp,2,4.16,nan,106,Left,Left,899,28,31,30,nan,nan,0.00
5/5/2023 0:04:36,1.16.3,PRexp,2,4.15,nan,106,Left,Left,900,28,31,30,nan,nan,0.02
5/5/2023 0:04:38,1.16.3,PRexp,2,4.15,nan,106,Left,Left,901,28,31,30,nan,nan,0.71
5/5/2023 0:04:40,1.16.3,PRexp,2,4.15,nan,106,Left,Left,902,28,31,30,nan,nan,0.84
5/5/2023 0:04:42,1.16.3,PRexp,2,4.15,nan,106,Left,Left,903,28,31,30,nan,nan,0.03
5/5/2023 0:04:43,1.16.3,PRexp,2,4.15,nan,106,Left,Left,904,28,31,30,nan,nan,0.14
5/5/2023 0:04:45,1.16.3,PRexp,2,4.15,nan,106,Left,Left,905,28,31,30,nan,nan,0.59
5/5/2023 0:04:47,1.16.3,PRexp,2,4.15,nan,106,Left,Left,906,28,31,30,nan,nan,1.36
5/5/2023 0:04:49,1.16.3,PRexp,2,4.15,nan,106,Left,Left,907,28,31,30,nan,nan,0.33
5/5/2023 0:04:52,1.16.3,PRexp,2,4.15,nan,106,Left,Left,908,28,31,30,nan,nan,0.93
5/5/2023 0:04:56,1.16.3,PRexp,2,4.15,nan,106,Left,Left,909,28,31,30,nan,nan,1.04
5/5/2023 0:04:57,1.16.3,PRexp,2,4.14,nan,106,Left,Left,910,28,31,30,nan,nan,0.03
5/5/2023 0:05:00,1.16.3,PRexp,2,4.15,nan,106,Left,Left,911,28,31,30,nan,nan,1.00
5/5/2023 0:05:02,1.16.3,PRexp,2,4.15,nan,106,Left,Left,912,28,31,30,nan,nan,0.15
5/5/2023 0:05:04,1.16.3,PRexp,2,4.15,nan,106,Left,Left,913,28,31,30,nan,nan,1.04
5/5/2023 0:05:09,1.16.3,PRexp,2,4.15,nan,106,Left,Left,914,28,31,30,nan,nan,2.24
5/5/2023 0:05:11,1.16.3,PRexp,2,4.16,nan,106,Left,Left,915,28,31,30,nan,nan,0.07
5/5/2023 0:05:12,1.16.3,PRexp,2,4.15,nan,106,Left,Left,916,28,31,30,nan,nan,0.26
5/5/2023 0:05:14,1.16.3,PRexp,2,4.15,nan,106,Left,Left,917,28,31,30,nan,nan,0.23
5/5/2023 0:05:16,1.16.3,PRexp,2,4.16,nan,106,Left,Left,918,28,31,30,nan,nan,0.20
5/5/2023 0:05:18,1.16.3,PRexp,2,4.15,nan,106,Left,Left,919,28,31,30,nan,nan,0.73
5/5/2023 0:05:21,1.16.3,PRexp,2,4.15,nan,106,Left,Left,920,28,31,30,nan,nan,0.94
5/5/2023 0:05:25,1.16.3,PRexp,2,4.15,nan,106,Left,Left,921,28,31,30,nan,nan,2.01
5/5/2023 0:05:26,1.16.3,PRexp,2,4.15,nan,106,Left,Left,922,28,31,30,nan,nan,0.02
5/5/2023 0:05:29,1.16.3,PRexp,2,4.16,nan,106,Left,Left,923,28,31,30,nan,nan,1.16
5/5/2023 0:05:32,1.16.3,PRexp,2,4.15,nan,106,Left,Left,924,28,31,30,nan,nan,0.09
5/5/2023 0:05:35,1.16.3,PRexp,2,4.15,nan,106,Left,Left,925,28,31,30,nan,nan,0.95
5/5/2023 0:05:38,1.16.3,PRexp,2,4.15,nan,106,Left,Left,926,28,31,30,nan,nan,1.66
5/5/2023 0:05:44,1.16.3,PRexp,2,4.15,nan,106,Left,Left,927,28,31,30,nan,nan,1.01
5/5/2023 0:05:49,1.16.3,PRexp,2,4.15,nan,106,Left,Left,928,28,31,30,nan,nan,0.19
5/5/2023 0:05:53,1.16.3,PRexp,2,4.15,nan,106,Left,Left,929,28,31,30,nan,nan,1.24
5/5/2023 0:05:56,1.16.3,PRexp,2,4.16,nan,106,Left,Left,930,28,31,30,nan,nan,1.18
5/5/2023 0:05:58,1.16.3,PRexp,2,4.16,nan,106,Left,Left,931,28,31,30,nan,nan,0.12
5/5/2023 0:28:21,1.16.3,PRexp,2,4.15,nan,106,Left,Left,932,28,31,30,nan,nan,0.09
5/5/2023 0:28:38,1.16.3,PRexp,2,4.15,nan,106,Left,Left,933,28,31,30,nan,nan,0.70
5/5/2023 0:28:41,1.16.3,PRexp,2,4.15,nan,106,Left,Left,934,28,31,30,nan,nan,0.64
5/5/2023 0:28:51,1.16.3,PRexp,2,4.15,nan,106,Left,Left,935,28,31,30,nan,nan,0.11
5/5/2023 0:31:54,1.16.3,PRexp,2,4.15,nan,106,Left,Left,936,28,31,30,nan,nan,0.04
5/5/2023 0:31:55,1.16.3,PRexp,2,4.15,nan,106,Left,Left,937,28,31,30,nan,nan,0.06
5/5/2023 0:31:56,1.16.3,PRexp,2,4.15,nan,106,Left,Left,938,28,31,30,nan,nan,0.12
5/5/2023 0:32:00,1.16.3,PRexp,2,4.15,nan,106,Left,Left,939,28,31,30,nan,nan,0.95
5/5/2023 0:32:04,1.16.3,PRexp,2,4.16,nan,106,Left,Left,940,28,31,30,nan,nan,0.22
5/5/2023 0:32:08,1.16.3,PRexp,2,4.15,nan,106,Left,Left,941,28,31,30,nan,nan,3.38
5/5/2023 0:32:10,1.16.3,PRexp,2,4.16,nan,106,Left,Left,942,28,31,30,nan,nan,0.13
5/5/2023 0:32:12,1.16.3,PRexp,2,4.15,nan,106,Left,Left,943,28,31,30,nan,nan,1.27
5/5/2023 0:32:21,1.16.3,PRexp,2,4.15,nan,106,Left,Left,944,28,31,30,nan,nan,5.81
5/5/2023 0:32:27,1.16.3,PRexp,2,4.15,nan,106,Left,Left,945,28,31,30,nan,nan,3.49
5/5/2023 0:32:32,1.16.3,PRexp,2,4.15,nan,106,Left,Left,946,28,31,30,nan,nan,3.76
5/5/2023 0:32:36,1.16.3,PRexp,2,4.15,nan,106,Left,Left,947,28,31,30,nan,nan,1.72
5/5/2023 0:32:39,1.16.3,PRexp,2,4.16,nan,106,Left,Left,948,28,31,30,nan,nan,0.70
5/5/2023 0:32:43,1.16.3,PRexp,2,4.15,nan,106,Left,Left,949,28,31,30,nan,nan,1.09
5/5/2023 0:32:48,1.16.3,PRexp,2,4.15,nan,106,Left,Left,950,28,31,30,nan,nan,2.27
5/5/2023 0:32:52,1.16.3,PRexp,2,4.16,nan,106,Left,Left,951,28,31,30,nan,nan,2.59
5/5/2023 0:32:58,1.16.3,PRexp,2,4.15,nan,106,Left,Left,952,28,31,30,nan,nan,4.92
5/5/2023 0:33:01,1.16.3,PRexp,2,4.15,nan,106,Left,Left,953,28,31,30,nan,nan,1.44
5/5/2023 0:33:10,1.16.3,PRexp,2,4.15,nan,106,Left,Left,954,28,31,30,nan,nan,5.01
5/5/2023 0:33:12,1.16.3,PRexp,2,4.16,nan,106,Left,Left,955,28,31,30,nan,nan,0.18
5/5/2023 0:33:16,1.16.3,PRexp,2,4.15,nan,106,Left,Left,956,28,31,30,nan,nan,1.26
5/5/2023 0:33:20,1.16.3,PRexp,2,4.16,nan,106,Left,Left,957,28,31,30,nan,nan,2.98
5/5/2023 0:33:23,1.16.3,PRexp,2,4.15,nan,106,Left,Left,958,28,31,30,nan,nan,0.00
5/5/2023 0:33:26,1.16.3,PRexp,2,4.15,nan,106,Left,Left,959,28,31,30,nan,nan,0.02
5/5/2023 0:33:26,1.16.3,PRexp,2,4.15,nan,106,LeftDuringDispense,Left,960,28,31,31,nan,nan,0.03
5/5/2023 0:33:29,1.16.3,PRexp,2,4.16,2,106,Pellet,Left,960,28,32,31,0.06,2025,nan
5/5/2023 0:37:07,1.16.3,PRexp,2,4.15,nan,118,Right,Left,960,29,32,31,nan,nan,0.15
5/5/2023 0:37:10,1.16.3,PRexp,2,4.15,nan,118,Left,Left,961,29,32,31,nan,nan,0.20
5/5/2023 0:37:15,1.16.3,PRexp,2,4.15,nan,118,Left,Left,962,29,32,31,nan,nan,0.08
5/5/2023 0:37:18,1.16.3,PRexp,2,4.16,nan,118,Left,Left,963,29,32,31,nan,nan,0.06
5/5/2023 0:37:20,1.16.3,PRexp,2,4.15,nan,118,Left,Left,964,29,32,31,nan,nan,0.24
5/5/2023 0:37:21,1.16.3,PRexp,2,4.15,nan,118,Left,Left,965,29,32,31,nan,nan,0.13
5/5/2023 0:37:24,1.16.3,PRexp,2,4.14,nan,118,Left,Left,966,29,32,31,nan,nan,0.06
5/5/2023 0:37:27,1.16.3,PRexp,2,4.15,nan,118,Left,Left,967,29,32,31,nan,nan,0.11
5/5/2023 0:37:28,1.16.3,PRexp,2,4.15,nan,118,Left,Left,968,29,32,31,nan,nan,0.24
5/5/2023 0:37:29,1.16.3,PRexp,2,4.16,nan,118,Left,Left,969,29,32,31,nan,nan,0.32
5/5/2023 0:37:34,1.16.3,PRexp,2,4.15,nan,118,Left,Left,970,29,32,31,nan,nan,0.20
5/5/2023 0:37:36,1.16.3,PRexp,2,4.15,nan,118,Left,Left,971,29,32,31,nan,nan,0.48
5/5/2023 0:37:39,1.16.3,PRexp,2,4.15,nan,118,Left,Left,972,29,32,31,nan,nan,0.13
5/5/2023 0:37:40,1.16.3,PRexp,2,4.15,nan,118,Left,Left,973,29,32,31,nan,nan,0.14
5/5/2023 0:37:42,1.16.3,PRexp,2,4.15,nan,118,Left,Left,974,29,32,31,nan,nan,0.30
5/5/2023 0:37:44,1.16.3,PRexp,2,4.15,nan,118,Left,Left,975,29,32,31,nan,nan,0.13
5/5/2023 0:37:46,1.16.3,PRexp,2,4.15,nan,118,Left,Left,976,29,32,31,nan,nan,0.18
5/5/2023 0:37:47,1.16.3,PRexp,2,4.15,nan,118,Left,Left,977,29,32,31,nan,nan,0.36
5/5/2023 0:37:49,1.16.3,PRexp,2,4.15,nan,118,Left,Left,978,29,32,31,nan,nan,0.15
5/5/2023 0:37:50,1.16.3,PRexp,2,4.15,nan,118,Left,Left,979,29,32,31,nan,nan,0.19
5/5/2023 0:37:52,1.16.3,PRexp,2,4.15,nan,118,Left,Left,980,29,32,31,nan,nan,0.41
5/5/2023 0:37:53,1.16.3,PRexp,2,4.15,nan,118,Left,Left,981,29,32,31,nan,nan,0.21
5/5/2023 0:37:56,1.16.3,PRexp,2,4.15,nan,118,Left,Left,982,29,32,31,nan,nan,0.46
5/5/2023 0:38:00,1.16.3,PRexp,2,4.15,nan,118,Left,Left,983,29,32,31,nan,nan,0.20
5/5/2023 0:38:02,1.16.3,PRexp,2,4.15,nan,118,Left,Left,984,29,32,31,nan,nan,0.01
5/5/2023 0:38:03,1.16.3,PRexp,2,4.15,nan,118,Left,Left,985,29,32,31,nan,nan,0.25
5/5/2023 0:38:04,1.16.3,PRexp,2,4.14,nan,118,Left,Left,986,29,32,31,nan,nan,0.20
5/5/2023 0:38:06,1.16.3,PRexp,2,4.15,nan,118,Left,Left,987,29,32,31,nan,nan,0.26
5/5/2023 0:38:08,1.16.3,PRexp,2,4.15,nan,118,Left,Left,988,29,32,31,nan,nan,0.27
5/5/2023 0:38:09,1.16.3,PRexp,2,4.14,nan,118,Left,Left,989,29,32,31,nan,nan,0.33
5/5/2023 0:38:11,1.16.3,PRexp,2,4.15,nan,118,Left,Left,990,29,32,31,nan,nan,0.16
5/5/2023 0:38:12,1.16.3,PRexp,2,4.15,nan,118,Left,Left,991,29,32,31,nan,nan,0.36
5/5/2023 0:38:14,1.16.3,PRexp,2,4.15,nan,118,Left,Left,992,29,32,31,nan,nan,0.17
5/5/2023 0:38:16,1.16.3,PRexp,2,4.16,nan,118,Left,Left,993,29,32,31,nan,nan,0.18
5/5/2023 0:38:22,1.16.3,PRexp,2,4.15,nan,118,Left,Left,994,29,32,31,nan,nan,0.16
5/5/2023 0:38:23,1.16.3,PRexp,2,4.15,nan,118,Left,Left,995,29,32,31,nan,nan,0.11
5/5/2023 0:38:24,1.16.3,PRexp,2,4.15,nan,118,Left,Left,996,29,32,31,nan,nan,0.19
5/5/2023 0:38:26,1.16.3,PRexp,2,4.15,nan,118,Left,Left,997,29,32,31,nan,nan,0.47
5/5/2023 0:38:27,1.16.3,PRexp,2,4.15,nan,118,Left,Left,998,29,32,31,nan,nan,0.78
5/5/2023 0:38:28,1.16.3,PRexp,2,4.15,nan,118,Left,Left,999,29,32,31,nan,nan,0.18
5/5/2023 0:38:29,1.16.3,PRexp,2,4.15,nan,118,Left,Left,1000,29,32,31,nan,nan,0.23
5/5/2023 0:38:30,1.16.3,PRexp,2,4.15,nan,118,Left,Left,1001,29,32,31,nan,nan,0.11
5/5/2023 0:38:32,1.16.3,PRexp,2,4.15,nan,118,Left,Left,1002,29,32,31,nan,nan,0.13
5/5/2023 0:38:33,1.16.3,PRexp,2,4.15,nan,118,Left,Left,1003,29,32,31,nan,nan,0.17
5/5/2023 0:38:33,1.16.3,PRexp,2,4.15,nan,118,Left,Left,1004,29,32,31,nan,nan,0.00
5/5/2023 0:38:35,1.16.3,PRexp,2,4.15,nan,118,Left,Left,1005,29,32,31,nan,nan,0.09
5/5/2023 0:38:37,1.16.3,PRexp,2,4.15,nan,118,Left,Left,1006,29,32,31,nan,nan,0.34
5/5/2023 0:38:38,1.16.3,PRexp,2,4.15,nan,118,Left,Left,1007,29,32,31,nan,nan,0.07
5/5/2023 0:38:39,1.16.3,PRexp,2,4.15,nan,118,Left,Left,1008,29,32,31,nan,nan,0.11
5/5/2023 0:38:41,1.16.3,PRexp,2,4.15,nan,118,Left,Left,1009,29,32,31,nan,nan,0.11
5/5/2023 0:38:42,1.16.3,PRexp,2,4.15,nan,118,Left,Left,1010,29,32,31,nan,nan,0.13
5/5/2023 0:38:44,1.16.3,PRexp,2,4.15,nan,118,Left,Left,1011,29,32,31,nan,nan,0.12
5/5/2023 0:38:48,1.16.3,PRexp,2,4.16,nan,118,Left,Left,1012,29,32,31,nan,nan,0.63
5/5/2023 0:38:50,1.16.3,PRexp,2,4.15,nan,118,Left,Left,1013,29,32,31,nan,nan,0.83
5/5/2023 0:38:53,1.16.3,PRexp,2,4.16,nan,118,Left,Left,1014,29,32,31,nan,nan,0.24
5/5/2023 0:38:55,1.16.3,PRexp,2,4.15,nan,118,Left,Left,1015,29,32,31,nan,nan,0.12
5/5/2023 0:38:57,1.16.3,PRexp,2,4.15,nan,118,Left,Left,1016,29,32,31,nan,nan,0.18
5/5/2023 0:38:58,1.16.3,PRexp,2,4.15,nan,118,Left,Left,1017,29,32,31,nan,nan,0.16
5/5/2023 0:38:59,1.16.3,PRexp,2,4.16,nan,118,Left,Left,1018,29,32,31,nan,nan,0.15
5/5/2023 0:39:01,1.16.3,PRexp,2,4.14,nan,118,Left,Left,1019,29,32,31,nan,nan,0.82
5/5/2023 0:39:03,1.16.3,PRexp,2,4.15,nan,118,Left,Left,1020,29,32,31,nan,nan,0.14
5/5/2023 0:39:05,1.16.3,PRexp,2,4.15,nan,118,Left,Left,1021,29,32,31,nan,nan,0.22
5/5/2023 0:39:08,1.16.3,PRexp,2,4.15,nan,118,Left,Left,1022,29,32,31,nan,nan,0.17
5/5/2023 0:39:10,1.16.3,PRexp,2,4.15,nan,118,Left,Left,1023,29,32,31,nan,nan,0.99
5/5/2023 0:39:12,1.16.3,PRexp,2,4.15,nan,118,Left,Left,1024,29,32,31,nan,nan,0.00
5/5/2023 0:39:14,1.16.3,PRexp,2,4.15,nan,118,Left,Left,1025,29,32,31,nan,nan,0.11
5/5/2023 0:39:16,1.16.3,PRexp,2,4.15,nan,118,Left,Left,1026,29,32,31,nan,nan,0.11
5/5/2023 0:39:18,1.16.3,PRexp,2,4.15,nan,118,Left,Left,1027,29,32,31,nan,nan,0.13
5/5/2023 0:39:20,1.16.3,PRexp,2,4.16,nan,118,Left,Left,1028,29,32,31,nan,nan,0.10
5/5/2023 0:39:21,1.16.3,PRexp,2,4.15,nan,118,Left,Left,1029,29,32,31,nan,nan,0.19
5/5/2023 0:39:23,1.16.3,PRexp,2,4.15,nan,118,Left,Left,1030,29,32,31,nan,nan,0.12
5/5/2023 0:39:25,1.16.3,PRexp,2,4.15,nan,118,Left,Left,1031,29,32,31,nan,nan,0.11
5/5/2023 0:39:30,1.16.3,PRexp,2,4.15,nan,118,Left,Left,1032,29,32,31,nan,nan,0.43
5/5/2023 0:39:31,1.16.3,PRexp,2,4.14,nan,118,Left,Left,1033,29,32,31,nan,nan,0.03
5/5/2023 0:39:33,1.16.3,PRexp,2,4.15,nan,118,Left,Left,1034,29,32,31,nan,nan,0.41
5/5/2023 0:39:34,1.16.3,PRexp,2,4.15,nan,118,Left,Left,1035,29,32,31,nan,nan,0.23
5/5/2023 0:39:38,1.16.3,PRexp,2,4.16,nan,118,Left,Left,1036,29,32,31,nan,nan,0.09
5/5/2023 0:39:40,1.16.3,PRexp,2,4.14,nan,118,Left,Left,1037,29,32,31,nan,nan,0.18
5/5/2023 0:39:41,1.16.3,PRexp,2,4.15,nan,118,Left,Left,1038,29,32,31,nan,nan,0.27
5/5/2023 0:39:43,1.16.3,PRexp,2,4.15,nan,118,Left,Left,1039,29,32,31,nan,nan,0.40
5/5/2023 0:39:45,1.16.3,PRexp,2,4.15,nan,118,Left,Left,1040,29,32,31,nan,nan,0.28
5/5/2023 0:39:46,1.16.3,PRexp,2,4.15,nan,118,Left,Left,1041,29,32,31,nan,nan,0.13
5/5/2023 0:39:48,1.16.3,PRexp,2,4.15,nan,118,Left,Left,1042,29,32,31,nan,nan,0.14
5/5/2023 0:39:50,1.16.3,PRexp,2,4.15,nan,118,Left,Left,1043,29,32,31,nan,nan,0.13
5/5/2023 0:39:51,1.16.3,PRexp,2,4.15,nan,118,Left,Left,1044,29,32,31,nan,nan,0.56
5/5/2023 0:39:53,1.16.3,PRexp,2,4.14,nan,118,Left,Left,1045,29,32,31,nan,nan,0.02
5/5/2023 0:39:55,1.16.3,PRexp,2,4.15,nan,118,Left,Left,1046,29,32,31,nan,nan,0.91
5/5/2023 0:39:57,1.16.3,PRexp,2,4.14,nan,118,Left,Left,1047,29,32,31,nan,nan,0.14
5/5/2023 0:39:58,1.16.3,PRexp,2,4.16,nan,118,Left,Left,1048,29,32,31,nan,nan,0.16
5/5/2023 0:40:00,1.16.3,PRexp,2,4.15,nan,118,Left,Left,1049,29,32,31,nan,nan,0.14
5/5/2023 0:40:03,1.16.3,PRexp,2,4.15,nan,118,Left,Left,1050,29,32,31,nan,nan,0.48
5/5/2023 0:40:05,1.16.3,PRexp,2,4.15,nan,118,Left,Left,1051,29,32,31,nan,nan,0.21
5/5/2023 0:52:48,1.16.3,PRexp,2,4.15,nan,118,Left,Left,1052,29,32,31,nan,nan,0.64
5/5/2023 0:52:49,1.16.3,PRexp,2,4.15,nan,118,Left,Left,1053,29,32,31,nan,nan,0.00
5/5/2023 0:52:50,1.16.3,PRexp,2,4.15,nan,118,Left,Left,1054,29,32,31,nan,nan,0.21